ID de respuesta;Fecha de envío;Última página;Lenguaje inicial;Semilla;Fecha de inicio;Fecha de la última acción;" 	 	Propósito: Este cuestionario analiza la situación laboral, económica y de bienestar de mujeres y personas no binarias en el sector del Cómic español.  	 	 	Tiempo estimado: 10-15 minutos.  	 	 	Criterio: Te pediremos que respondas basándote en tu acti";A1. Edad ;A2. Identidad de género ;A2. Identidad de género  [Otro];A3. ¿Cuál es el último nivel de estudios que has finalizado?;A4. Nacionalidad y residencia  (Esta información nos permite analizar la exportación de talento y la integración en el mercado local) ;A4. Nacionalidad y residencia  (Esta información nos permite analizar la exportación de talento y la integración en el mercado local)  [Otro];A5. Provincia de residencia ;A5.1. Indique su país y provincia/estado de residencia en el extranjero [País];A5.1. Indique su país y provincia/estado de residencia en el extranjero [Provincia/estado];A6. Ámbito de actividad  (Seleccione el entorno donde desarrolla su actividad principal relacionada con el sector, de los últimos 12 meses laborales) ;A6. Ámbito de actividad  (Seleccione el entorno donde desarrolla su actividad principal relacionada con el sector, de los últimos 12 meses laborales)  [Otro];"A7. Rol principal en el sector   (Seleccione UNA opción; la que mejor describa su actividad principal en los últimos 12 meses laborales). ";"A7. Rol principal en el sector   (Seleccione UNA opción; la que mejor describa su actividad principal en los últimos 12 meses laborales).  [Otro]";"A8. Rol secundario en el sector   (Seleccione UNA opción; la que represente una carga de trabajo o visibilidad secundaria de los últimos 12 meses laborales) ";"A8. Rol secundario en el sector   (Seleccione UNA opción; la que represente una carga de trabajo o visibilidad secundaria de los últimos 12 meses laborales)  [Otro]";A9. Situación laboral predominante en el sector del cómic  (Responda teniendo en cuenta la actividad mayoritaria durante los últimos 12 meses). ;A10. Años de experiencia en el sector del cómic  ;B1. ¿Cómo valora la situación actual de las mujeres y personas no binaria en el sector del cómic español? ;B2. ¿Considera que la situación de las mujeres ha mejorado en los últimos 5 años? ;B3. ¿En cuántos eventos, premios o espacios de visibilidad (ferias, mesas redondas, exposiciones) ha participado en los últimos 2 años?  ;C1. ¿Con qué frecuencia ha trabajado bajo acuerdos verbales o informales (sin documento firmado)? ;C2. ¿Ha experimentado situaciones donde las prácticas contractuales o prácticas laborales fueron abusivas o insuficientes? ;Indique brevemente qué tipo de cláusula o práctica;C3. ¿Cómo definiría la viabilidad económica de su actividad en el sector del cómic, para cubrir sus necesidades vitales?;C4. ¿En qué rango se sitúan sus ingresos netos anuales derivados exclusivamente del sector del cómic? ;C5. Aproximadamente, ¿qué porcentaje de sus ingresos anuales totales proviene de su actividad en el cómic?  ;D1. ¿En qué medida considera que la retribución que recibe es proporcional al tiempo, responsabilidad y resultados exigidos? ;D2. ¿Con qué frecuencia experimenta retrasos en pagos, impagos o ajustes desfavorables en sus condiciones económicas?  ;D3. ¿En qué medida la precariedad económica influye en sus decisiones creativas, profesionales o vitales? (ej. abandonar proyectos, retrasar planes de vida, vivienda, familia) ;D4. ¿Cuál es su nivel de preocupación respecto a su estabilidad económica a largo plazo? ;E1. ¿Con qué frecuencia experimenta problemas de salud mental asociados a su trabajo? (ansiedad, estrés, agotamiento, bloqueo creativo)  ;E2. ¿Qué nivel de acceso tiene a permisos, bajas remuneradas u otros protocolos para afrontar problemas de salud mental relacionados con su actividad laboral? ;E3. ¿Cómo valora la efectividad de las políticas de prevención del burnout (agotamiento) o apoyo psicológico en su entorno laboral?  ;E4. ¿En qué medida la conciliación entre trabajo y vida personal limita su capacidad creativa y profesional? ;E5. ¿Se encarga de tareas de cuidado no remuneradas? (menores a su cargo, personas mayores o dependientes) ;​​​​​​E6. Si respondió afirmativamente en E5, ¿en qué proporción recae esta carga sobre usted dentro del ámbito familiar? ;F1. ¿Con qué frecuencia ha percibido actitudes condescendientes, interrupciones constantes o explicaciones no solicitadas (mansplaining) en entornos profesionales?  ;F2. ¿Con qué frecuencia ha sufrido situaciones de acoso (sexual/laboral) o discriminación directa en la contratación por su identidad de género? ;F2.a. Si respondió afirmativamente en F2, ¿denunció la situación?   ;F2.b. Si realizó algún tipo de denuncia, ¿recibió una respuesta o apoyo institucional/profesional adecuado? ;F3. ¿En qué medida percibe barreras para acceder a puestos de decisión? (ej. dirección editorial, jurados, comités de selección, comisariados)  ;F4. ¿Considera que existen sesgos en la selección de proyectos y encargos que favorecen a los hombres de forma estructural?  ;G1. ¿Existe y conoce alguna red de apoyo que facilite asesoría legal, laboral o de acompañamiento entre mujeres y personas no binarias en el sector?  ;G2. ¿Cuál es su nivel de vinculación con asociaciones profesionales o estructuras representativas del sector del cómic? (ej. asociaciones de autoras, asociaciones sectoriales, sindicatos) ;G3. ¿Qué instrumentos considera más eficaces para impulsar la visibilidad de las autoras? (Escoja los TRES más importante para usted)  [Becas y ayudas económicas específicas.];G3. ¿Qué instrumentos considera más eficaces para impulsar la visibilidad de las autoras? (Escoja los TRES más importante para usted)  [Exposiciones y espacios dedicados en museos/centros.];G3. ¿Qué instrumentos considera más eficaces para impulsar la visibilidad de las autoras? (Escoja los TRES más importante para usted)  [Programación obligatoria (cuotas) en ferias y festivales.];G3. ¿Qué instrumentos considera más eficaces para impulsar la visibilidad de las autoras? (Escoja los TRES más importante para usted)  [Premios y reconocimientos específicos.];G3. ¿Qué instrumentos considera más eficaces para impulsar la visibilidad de las autoras? (Escoja los TRES más importante para usted)  [Mayor cobertura en medios de comunicación.];G3. ¿Qué instrumentos considera más eficaces para impulsar la visibilidad de las autoras? (Escoja los TRES más importante para usted)  [Redes de mentorías entre profesionales.];G3. ¿Qué instrumentos considera más eficaces para impulsar la visibilidad de las autoras? (Escoja los TRES más importante para usted)  [Cambios en las políticas de distribución comercial.];H1. ¿Qué nivel de acceso tiene a formación profesional específica en temas relevantes para su carrera? (ej. fiscalidad, contratos, derechos de autor, salud mental) ;H2. En los últimos 2 años, ¿aproximadamente cuántos proyectos editoriales o encargos profesionales le han ofrecido?  ;H3. En los últimos 2 años, ¿aproximadamente cuántos proyectos editoriales o encargos profesionales ha ejecutado?  ;H4. ¿Considera que el número de oportunidades actuales es suficiente para mantener una carrera profesional estable?  ;H5. ¿Ha tenido que rechazar proyectos profesionales por razones económicas, de salud mental o falta de conciliación? ;I1. De la siguiente lista de medidas (tanto públicas como empresariales), seleccione las TRES (3) que considera más urgentes para mejorar la situación de las mujeres y personas no binarias en el cómic.  [Regulación económica: Establecimiento de tarifas mí;I1. De la siguiente lista de medidas (tanto públicas como empresariales), seleccione las TRES (3) que considera más urgentes para mejorar la situación de las mujeres y personas no binarias en el cómic.  [Estabilidad y formalización: Garantía de contratos ;I1. De la siguiente lista de medidas (tanto públicas como empresariales), seleccione las TRES (3) que considera más urgentes para mejorar la situación de las mujeres y personas no binarias en el cómic.  [Seguridad y convivencia: Protocolos efectivos contr;I1. De la siguiente lista de medidas (tanto públicas como empresariales), seleccione las TRES (3) que considera más urgentes para mejorar la situación de las mujeres y personas no binarias en el cómic.  [Conciliación y Cuidados: Ayudas directas o medidas ;I1. De la siguiente lista de medidas (tanto públicas como empresariales), seleccione las TRES (3) que considera más urgentes para mejorar la situación de las mujeres y personas no binarias en el cómic.  [Salud mental: Acceso a bajas remuneradas, permisos ;I1. De la siguiente lista de medidas (tanto públicas como empresariales), seleccione las TRES (3) que considera más urgentes para mejorar la situación de las mujeres y personas no binarias en el cómic.  [Visibilidad y cuotas: Paridad obligatoria en jurado;I1. De la siguiente lista de medidas (tanto públicas como empresariales), seleccione las TRES (3) que considera más urgentes para mejorar la situación de las mujeres y personas no binarias en el cómic.  [Incentivos directos: Becas, subvenciones y ayudas e;I1. De la siguiente lista de medidas (tanto públicas como empresariales), seleccione las TRES (3) que considera más urgentes para mejorar la situación de las mujeres y personas no binarias en el cómic.  [Redes y mentoría: Creación de espacios de asociació;I2. Respecto a supervisión de políticas de igualdad, ¿cuál considera más efectivo? (Seleccione solo UNA) ;I3. ¿Cuál es su disposición a participar en iniciativas institucionales para mejorar la situación del sector?  ;J1.1. En su relación con editoriales o clientes, ¿qué capacidad real tiene para negociar tarifas y plazos dignos antes de aceptar un encargo?;J1.2 ¿Con qué frecuencia logra establecer contratos o acuerdos que aseguren el cobro del trabajo y el respeto a sus derechos de autoría, incluso si el proyecto se cancela o retrasa? ;J1.3. ¿En qué grado siente que se valora su propuesta técnica/artística sin sufrir presiones para adaptar su obra a estereotipos de género o expectativas comerciales forzadas? ;J2.1. ¿Qué grado de independencia real tiene para decidir sobre contenidos o contratación (obras, catálogos, programación, líneas editoriales) frente a presiones comerciales o directivas?  ;J2.2. ¿En qué medida dispone de los recursos (presupuesto, equipo, estabilidad de ventas) necesarios para realizar su actividad sin asumir sobrecargas o precariedad personal? ;J2.3. ¿En qué grado siente que su criterio profesional y autoridad son respetados/reconocido por autores, clientes y compañeros, sin verse cuestionados por sesgos de género? ;J2.4. Desde su experiencia en la gestión o mediación cultural, ¿cuál de las siguientes acciones considera prioritaria para recuperar y visibilizar eficazmente la historia de las mujeres en el cómic? (Seleccione solo UNA). ;J3.1. ¿Cuál es la principal dificultad que encuentra en la cadena de suministro para mantener un fondo bibliográfico representativo de autoras? (Seleccione solo UNA) ;K1. Considerando toda su trayectoria, ¿en qué medida siente que su carrera ha sido más difícil o ha tenido más obstáculos específicamente por ser mujer o persona no binaria? ;K2. En los últimos 12 meses, ¿con qué frecuencia ha considerado seriamente abandonar el sector del cómic por razones económicas o de bienestar? ;K3. Mirando hacia los próximos 5 años, ¿cuál es su nivel de optimismo respecto a poder vivir dignamente de esta profesión? ;L1. Si desea ampliar alguna de sus respuestas anteriores o mencionar algún tema que considere relevante y no hayamos abordado, puede hacerlo en este espacio.;L2. ¿Desearía recibir los resultados del informe? ;L2. ¿Desearía recibir los resultados del informe?  [Otro];Tiempo total;Temporización del grupo: INICIO;Temporización de la pregunta: P1;Temporización del grupo: CONSENTIMIENTO INFORMADO;Temporización de la pregunta: P2;Temporización del grupo: SECCIÓN A: INFORMACIÓN SOCIODEMOGRÁFICA;Temporización de la pregunta: A1;Temporización de la pregunta: A2;Temporización de la pregunta: A3;Temporización de la pregunta: A4;Temporización de la pregunta: A5;Temporización de la pregunta: A5a;Temporización de la pregunta: A6;Temporización de la pregunta: A7;Temporización de la pregunta: A8;Temporización de la pregunta: A9;Temporización de la pregunta: A10;Temporización del grupo: SECCIÓN B: PERCEPCIÓN GENERAL DEL SECTOR ;Temporización de la pregunta: B1;Temporización de la pregunta: B2;Temporización de la pregunta: B3;Temporización del grupo: SECCIÓN C: CONDICIONES LABORALES Y VIABILIDAD ;Temporización de la pregunta: C1;Temporización de la pregunta: C2;Temporización de la pregunta: C2a;Temporización de la pregunta: C3;Temporización de la pregunta: C4;Temporización de la pregunta: C5;Temporización del grupo: SECCIÓN D: RETRIBUCIÓN Y ESTABILIDAD ;Temporización de la pregunta: D1;Temporización de la pregunta: D2;Temporización de la pregunta: D3;Temporización de la pregunta: D4;Temporización del grupo: SECCIÓN E: SALUD MENTAL Y BIENESTAR ;Temporización de la pregunta: E1;Temporización de la pregunta: E2;Temporización de la pregunta: E3;Temporización del grupo: SECCIÓN E: SALUD MENTAL Y BIENESTAR (2);Temporización de la pregunta: E4;Temporización de la pregunta: E5;Temporización de la pregunta: E6;Temporización del grupo: SECCIÓN F: DISCRIMINACIÓN Y CULTURA ;Temporización de la pregunta: F1;Temporización de la pregunta: F2;Temporización de la pregunta: F2a;Temporización de la pregunta: F2b;Temporización del grupo: SECCIÓN F2: DISCRIMINACIÓN Y CULTURA ;Temporización de la pregunta: F3;Temporización de la pregunta: F4;Temporización del grupo: SECCIÓN G: REDES, ASOCIACIÓN Y VISIBILIDAD ;Temporización de la pregunta: G1;Temporización de la pregunta: G2;Temporización de la pregunta: G3;Temporización del grupo: SECCIÓN H: FORMACIÓN Y OPORTUNIDADES ;Temporización de la pregunta: H1;Temporización de la pregunta: H2;Temporización de la pregunta: H3;Temporización del grupo: SECCIÓN H2: FORMACIÓN Y OPORTUNIDADES;Temporización de la pregunta: H4;Temporización de la pregunta: H5;Temporización del grupo: SECCIÓN I: POLÍTICAS Y PROPUESTAS ;Temporización de la pregunta: I1;Temporización de la pregunta: I2;Temporización de la pregunta: I3;Temporización del grupo: BLOQUE J1: PERFIL CREACIÓN Y AUTORÍA;Temporización de la pregunta: J11;Temporización de la pregunta: J12;Temporización de la pregunta: J13;Temporización del grupo: BLOQUE J2: PERFIL PRODUCCIÓN TÉCNICA, GESTIÓN Y MEDIACIÓN ;Temporización de la pregunta: J21;Temporización de la pregunta: J22;Temporización de la pregunta: J23;Temporización de la pregunta: J24;Temporización del grupo: BLOQUE J3: ESPECÍFICO LIBRERAS ;Temporización de la pregunta: J31;Temporización del grupo: SECCIÓN K: EVALUACIÓN DEL IMPACTO;Temporización de la pregunta: K1;Temporización de la pregunta: K2;Temporización de la pregunta: K3;"Temporización del grupo: 	SECCIÓN L: DESPEDIDA";Temporización de la pregunta: L1;Temporización de la pregunta: L2
4;13-02-2026 17:38;19;es;300520255;13-02-2026 17:28;13-02-2026 17:38;Sí, autorizo el uso anónimo. ;de 25 a 34;Persona no binaria;;Enseñanza Universitaria de Primer Ciclo o Grado (Diplomatura, Grado Universitario, Ingeniería/Arquitectura Técnica);Nacionalidad española y residencia en España.;;Cádiz;;;Creación y Producción Artística (Estudio propio, taller, autoedición).;;Dibujante / Ilustradora;;Guionista;;Autónoma con clientes habituales;2-5 años;Desfavorable;Ha empeorado ligeramente;3-5 espacios;Raramente (menos del 30%);Nunca;;Muy precaria: El cómic es una actividad secundaria, necesito otros trabajos constantes para subsistir.;Menos de 5.000 €;0 - 20%;Nada proporcional ;Raramente (menos de una vez al año) ;No influye en absoluto;Preocupación alta;Raramente: (Situaciones muy aisladas o excepcionales).;Sin acceso: No dispongo de mecanismo de apoyo. ;Ineficaces: Existen formalmente pero no sirven en la práctica. ;Limita moderadamente ;Sí, regularmente ;Ligeramente: Mi carga es secundaria ;Ocasionalmente ;Raramente ;No denuncié por decisión propia (no lo consideré o preferí no hacerlo);;Barreras significativas ;Sesgos moderados ;Sí, pero no participo en ella ;Vinculación muy baja: Conozco su existencia, pero no soy miembro ni participo. ;Sí;Sí;No;No;Sí;No;No;Acceso muy limitado: Formación escasa o difícil de localizar.;Ninguno;Ninguno ;Insuficiente ;Nunca: He aceptado todas las ofertas recibidas.;Sí;Sí;No;Sí;No;No;No;No;Revisión participativa con profesionales;Baja: Quizás, dependiendo del tipo de iniciativa.;Baja;A veces;Parcialmente;;;;;;Bastante;A veces;Incertidumbre / Neutro;;Lo consultaré en la web oficial sectorialcomic.com;;58422;303;;432;;15931;;;;;;;;;;;;2722;;;;6322;;;;;;;10835;;;;;1781;;;;6261;;;;3368;;;;;947;;;2251;;;;1163;;;;1453;;;1762;;;;862;;;;;;;;;;;1143;;;;886;;
5;13-02-2026 17:39;19;es;1897377497;13-02-2026 17:28;13-02-2026 17:39;Sí, autorizo el uso anónimo. ;de 25 a 34;Persona no binaria;;Enseñanza Universitaria de Primer Ciclo o Grado (Diplomatura, Grado Universitario, Ingeniería/Arquitectura Técnica);Nacionalidad española y residencia en España.;;Barcelona;;;Industria Editorial y Publicación (Trabajo para editoriales, prensa o medios).;;Dibujante / Ilustradora;;Autora integral;;Asalariada con contrato indefinido;6-10 años;Desfavorable;Ha empeorado ligeramente;Ninguno;Frecuentemente (61-99%);Frecuentemente;;Inviable: Mis ingresos dependo totalmente de otros trabajos o apoyos.;Menos de 5.000 €;0 - 20%;Poco proporcional ;Ocasionalmente (1-3 veces al año) ;Influye totalmente;Preocupación muy alta/ crítica;Frecuentemente: (Es una situación habitual o recurrente).;Acceso muy limitado: Solo en casos extremos o sin remuneración. ;Inexistentes: No existen políticas de este tipo. ;Limita totalmente ;Sí, regularmente ;Ligeramente: Mi carga es secundaria ;Constantemente / En múltiples ocasiones;Frecuentemente ;Comunicación informalmente (compañeros, redes sociales, entorno directo) ;No aplica/Prefiero no responder;Barreras significativas ;Sesgos muy acentuados y sistemáticos;No sé;Vinculación muy baja: Conozco su existencia, pero no soy miembro ni participo. ;Sí;No;Sí;No;No;No;Sí;Acceso muy limitado: Formación escasa o difícil de localizar.;6-10 proyectos;3-5 proyectos ;Muy insuficiente ;Frecuentemente: He rechazado la mayoría de las ofertas.;Sí;No;No;No;Sí;No;Sí;No;Combinación de varios mecanismos;Muy alta: Sí, especialmente en roles de gestión o liderazgo;Baja;A veces;Bastante;;;;;;Totalmente (Ha condicionado toda mi carrera);Frecuentemente;Incertidumbre / Neutro;;Otro;carlagallenesteve@gmail.com;6144;785;;1217;;11312;;;;;;;;;;;;3741;;;;5308;;;;;;;2885;;;;;2236;;;;2478;;;;3756;;;;;1472;;;5589;;;;3467;;;;2085;;;7024;;;;4261;;;;;;;;;;;2522;;;;1302;;
8;13-02-2026 17:43;19;es;631539053;13-02-2026 17:30;13-02-2026 17:43;Sí, autorizo el uso anónimo. ;de 25 a 34;Mujer;;Enseñanza Universitaria de Segundo o Tercer Ciclo (Licenciatura, Máster Oficial, Doctorado, Especialidad médica);Nacionalidad española y residencia en España.;;Barcelona;;;Creación y Producción Artística (Estudio propio, taller, autoedición).;;Autora integral;;Dibujante / Ilustradora;;Freelance / Por proyectos puntuales;Menos de 2 años;Desfavorable;Ha mejorado ligeramente;6-10 espacios;Raramente (menos del 30%);Nunca;;Muy precaria: El cómic es una actividad secundaria, necesito otros trabajos constantes para subsistir.;Entre 5.001 € y el Salario Mínimo Interprofesional (aprox. 15.876 €);21 - 40%;Poco proporcional ;Nunca;Influye bastante;Preocupación alta;Frecuentemente: (Es una situación habitual o recurrente).;Acceso muy limitado: Solo en casos extremos o sin remuneración. ;Inexistentes: No existen políticas de este tipo. ;Limita muy poco ;No ;No aplica;Frecuentemente ;Nunca ;;;Barreras significativas ;Sesgos muy acentuados y sistemáticos;Sí, pero participo poco ;Vinculación muy baja: Conozco su existencia, pero no soy miembro ni participo. ;Sí;Sí;No;Sí;No;No;No;Acceso parcial: Encuentro información, pero es incompleta o poco clara.;1-2 proyectos;1-2 proyectos ;Muy insuficiente ;Rara vez: He rechazado menos de una cuarta parte de las ofertas.;Sí;No;No;No;No;No;Sí;Sí;Combinación de varios mecanismos;Moderada: Sí, pero con reservas por mi tiempo disponible.;Media;Raramente;Parcialmente;;;;;;Poco;A veces;Pesimista;;Lo consultaré en la web oficial sectorialcomic.com;;80167;308;;3033;;8094;;;;;;;;;;;;3006;;;;7836;;;;;;;5167;;;;;4711;;;;4871;;;;3222;;;;;2463;;;7304;;;;6329;;;;4081;;;8629;;;;5686;;;;;;;;;;;3938;;;;1489;;
10;13-02-2026 17:48;19;es;551366049;13-02-2026 17:32;13-02-2026 17:48;Sí, autorizo el uso anónimo. ;de 35 a 44;Mujer;;Enseñanza Universitaria de Primer Ciclo o Grado (Diplomatura, Grado Universitario, Ingeniería/Arquitectura Técnica);Nacionalidad española y residencia en España.;;Barcelona;;;Creación y Producción Artística (Estudio propio, taller, autoedición).;;Diseñadora gráfica;;Dibujante / Ilustradora;;Sin actividad remunerada en el sector;2-5 años;Desfavorable;Ha mejorado ligeramente;1-2 espacios;Frecuentemente (61-99%);Muy frecuentemente;No pagar horas extras ;Muy precaria: El cómic es una actividad secundaria, necesito otros trabajos constantes para subsistir.;Menos de 5.000 €;0 - 20%;Nada proporcional ;Frecuentemente (más de 3 veces al año) ;Influye bastante;Preocupación moderada;Frecuentemente: (Es una situación habitual o recurrente).;Acceso muy limitado: Solo en casos extremos o sin remuneración. ;Inexistentes: No existen políticas de este tipo. ;Limita bastante ;No ;No aplica;Frecuentemente ;Ocasionalmente ;No denuncié por decisión propia (no lo consideré o preferí no hacerlo);;Barreras significativas ;Sesgos claros/evidentes;No sé;Ninguna vinculación: No formo parte de ninguna estructura asociativa. ;No;No;No;No;Sí;Sí;Sí;Acceso muy limitado: Formación escasa o difícil de localizar.;Ninguno;Ninguno ;Insuficiente ;Ocasionalmente: He rechazado aproximadamente la mitad de las ofertas.;No;Sí;No;No;Sí;No;No;Sí;Combinación de varios mecanismos;Alta: Sí, deseo participar de forma activa.;;;;Total;Parcialmente suficiente;Parcialmente respetada;Inclusión en currículos educativos y bibliotecas escolares.;;Moderadamente;A veces;Incertidumbre / Neutro;;Otro;;9184;528;;472;;5947;;;;;;;;;;;;2103;;;;4189;;;;;;;297;;;;;1921;;;;1488;;;;1904;;;;;1022;;;34021;;;;9475;;;;1577;;;5216;;;;;;;;7387;;;;;;;7311;;;;4309;;
11;13-02-2026 18:19;19;es;198138389;13-02-2026 17:33;13-02-2026 18:19;Sí, autorizo el uso anónimo. ;de 35 a 44;Mujer;;Enseñanza Universitaria de Primer Ciclo o Grado (Diplomatura, Grado Universitario, Ingeniería/Arquitectura Técnica);Nacionalidad española y residencia en España.;;Málaga;;;Creación y Producción Artística (Estudio propio, taller, autoedición).;;Autora integral;;Dibujante / Ilustradora;;Autónoma con clientes habituales;Más de 15 años;Favorable;Se ha mantenido igual;6-10 espacios;Raramente (menos del 30%);Ocasionalmente;Exclusividad.;Inestable: Reparto mi tiempo entre el cómic y otras actividades para alcanzar el ingreso mínimo.;Entre el SMI y 25.000 €;21 - 40%;Poco proporcional ;Raramente (menos de una vez al año) ;Influye muy poco;Preocupación alta;Frecuentemente: (Es una situación habitual o recurrente).;Sin acceso: No dispongo de mecanismo de apoyo. ;Inexistentes: No existen políticas de este tipo. ;Limita moderadamente ;No ;No aplica;Raramente ;Nunca ;;;No percibo barreras ;No hay sesgos ;No sé;Vinculación muy baja: Conozco su existencia, pero no soy miembro ni participo. ;No;No;No;Sí;Sí;No;Sí;Acceso parcial: Encuentro información, pero es incompleta o poco clara.;1-2 proyectos;1-2 proyectos ;Parcialmente suficiente ;Rara vez: He rechazado menos de una cuarta parte de las ofertas.;Sí;No;No;No;Sí;Sí;No;No;Sanciones económicas por incumplimiento;Baja: Quizás, dependiendo del tipo de iniciativa.;Media;A veces;Totalmente (Libertad absoluta);;;;;;En ninguna medida (Ningún impacto);Raramente;Incertidumbre / Neutro;Siento que el sector de los comics está muy complicado, pero no siento que el género influya absolutamente nada. Veo muchas mujeres publicando y jamás he sentido que por ser mujer se me hiciera de menos en este mundillo. Creo que hay que mejorar muchas cosas en el sector, pero para todos por igual, no específicamente para las mujeres.;Lo consultaré en la web oficial sectorialcomic.com;;275909;2847;;2565;;74133;;;;;;;;;;;;5705;;;;85765;;;;;;;5683;;;;;4685;;;;4097;;;;4072;;;;;2079;;;9109;;;;15919;;;;9203;;;11681;;;;6883;;;;;;;;;;;3672;;;;27811;;
14;13-02-2026 17:45;19;es;601389625;13-02-2026 17:34;13-02-2026 17:45;Sí, autorizo el uso anónimo. ;de 55 a 64;Mujer;;Enseñanza Universitaria de Segundo o Tercer Ciclo (Licenciatura, Máster Oficial, Doctorado, Especialidad médica);Nacionalidad española y residencia en España.;;Barcelona;;;Industria Editorial y Publicación (Trabajo para editoriales, prensa o medios).;;Traductora;;Divulgadora / Crítica;;Autónoma con clientes habituales;Más de 15 años;Desfavorable;Ha mejorado significativamente;1-2 espacios;Frecuentemente (61-99%);Muy frecuentemente;Trabajar sin contrato, tarifas ridículas;Inestable: Reparto mi tiempo entre el cómic y otras actividades para alcanzar el ingreso mínimo.;Menos de 5.000 €;0 - 20%;Nada proporcional ;Raramente (menos de una vez al año) ;Influye bastante;Preocupación moderada;Frecuentemente: (Es una situación habitual o recurrente).;Acceso funcional: Los mecanismos son conocidos y habitualmente accesibles cuando se necesitan.;Inexistentes: No existen políticas de este tipo. ;Limita bastante ;Sí, raramente;Mínimamente: En casos muy puntuales;Constantemente / En múltiples ocasiones;Frecuentemente ;No denuncié por temor a represalias o medio a consecuencias;;Barreras insuperables;Sesgos muy acentuados y sistemáticos;Sí, pero participo poco ;Vinculación moderada: Soy miembro, pero mi participación es nula o muy escasa. ;Sí;No;No;No;Sí;No;Sí;Acceso fácil y regular: Tengo acceso sencillo a recursos formativos de alta calidad.;3-5 proyectos;3-5 proyectos ;Muy insuficiente ;Ocasionalmente: He rechazado aproximadamente la mitad de las ofertas.;Sí;Sí;Sí;No;No;No;No;No;Combinación de varios mecanismos;Moderada: Sí, pero con reservas por mi tiempo disponible.;Baja;Raramente;Bastante;;;;;;Totalmente (Ha condicionado toda mi carrera);Constantemente (Es una idea diaria/muy recurrente);Pesimista;;Otro;m.rosa.marti@gmail.com;66374;875;;523;;11534;;;;;;;;;;;;3677;;;;7515;;;;;;;4966;;;;;3166;;;;3097;;;;2944;;;;;1573;;;5122;;;;2971;;;;3635;;;6086;;;;4074;;;;;;;;;;;2965;;;;1651;;
18;13-02-2026 18:10;19;es;1051170572;13-02-2026 17:44;13-02-2026 18:10;Sí, autorizo el uso anónimo. ;de 35 a 44;Mujer;;Enseñanza Universitaria de Segundo o Tercer Ciclo (Licenciatura, Máster Oficial, Doctorado, Especialidad médica);Nacionalidad española y residencia en España.;;León;;;Industria Editorial y Publicación (Trabajo para editoriales, prensa o medios).;;Traductora;;Traductora;;Freelance / Por proyectos puntuales;Menos de 2 años;Neutral / Equilibrada;Ha mejorado ligeramente;Ninguno;Nunca;Nunca;;Inviable: Mis ingresos dependo totalmente de otros trabajos o apoyos.;Menos de 5.000 €;0 - 20%;Parcialmente proporcional ;Nunca;Influye moderadamente;Preocupación baja;Ocasionalmente: (Sucede a veces, pero no es la tónica general).;Acceso parcial: Existen algunos mecanismos, pero son difíciles de activar o poco claros. ;Inexistentes: No existen políticas de este tipo. ;Limita moderadamente ;Sí, siempre ;Mayoritariamente: Yo asumo la mayor parte de la carga. ;Frecuentemente ;Nunca ;;;No percibo barreras ;No hay sesgos ;No sé;Ninguna vinculación: No formo parte de ninguna estructura asociativa. ;No;Sí;No;Sí;Sí;No;No;Sin acceso: No encuentro formación sobre estos temas.;3-5 proyectos;3-5 proyectos ;Muy insuficiente ;Rara vez: He rechazado menos de una cuarta parte de las ofertas.;Sí;No;No;Sí;Sí;No;No;No;Auditorías externas independientes;Baja: Quizás, dependiendo del tipo de iniciativa.;Alta;Frecuentemente;Bastante;;;;;;En ninguna medida (Ningún impacto);Constantemente (Es una idea diaria/muy recurrente);Muy Pesimista (Lo veo imposible);;Lo consultaré en la web oficial sectorialcomic.com;;157413;412;;1713;;846;;;;;;;;;;;;2921;;;;3862;;;;;;;4344;;;;;3067;;;;2456;;;;1692;;;;;154;;;110261;;;;3298;;;;2168;;;4032;;;;3349;;;;;;;;;;;2525;;;;1313;;
20;13-02-2026 17:58;19;es;1714303062;13-02-2026 17:47;13-02-2026 17:58;Sí, autorizo el uso anónimo. ;de 25 a 34;Mujer;;Enseñanza Universitaria de Primer Ciclo o Grado (Diplomatura, Grado Universitario, Ingeniería/Arquitectura Técnica);Nacionalidad española y residencia en España.;;Barcelona;;;Industria Editorial y Publicación (Trabajo para editoriales, prensa o medios).;;Dibujante / Ilustradora;;Otro;profesora;Freelance / Por proyectos puntuales;2-5 años;Desfavorable;Ha mejorado ligeramente;3-5 espacios;Raramente (menos del 30%);Ocasionalmente;adelantos y royalties  muy bajos;Muy precaria: El cómic es una actividad secundaria, necesito otros trabajos constantes para subsistir.;Menos de 5.000 €;0 - 20%;Nada proporcional ;Raramente (menos de una vez al año) ;Influye bastante;Preocupación alta;Frecuentemente: (Es una situación habitual o recurrente).;Acceso muy limitado: Solo en casos extremos o sin remuneración. ;Insuficientes: Ofrecen un apoyo básico y se aplican, pero es muy limitado para las necesidades del sector ;Limita bastante ;No ;No aplica;Raramente ;Ocasionalmente ;No denuncié por decisión propia (no lo consideré o preferí no hacerlo);;Barreras moderadas ;Sesgos claros/evidentes;No sé;Ninguna vinculación: No formo parte de ninguna estructura asociativa. ;Sí;No;Sí;Sí;No;No;No;Acceso parcial: Encuentro información, pero es incompleta o poco clara.;1-2 proyectos;1-2 proyectos ;Insuficiente ;Ocasionalmente: He rechazado aproximadamente la mitad de las ofertas.;Sí;Sí;No;No;Sí;No;No;No;Informes anuales de transparencia obligatorios;Moderada: Sí, pero con reservas por mi tiempo disponible.;Baja;Raramente;Parcialmente;;;;;;Moderadamente;Nunca;Pesimista;;Lo consultaré en la web oficial sectorialcomic.com;;68667;668;;1127;;11902;;;;;;;;;;;;3871;;;;7216;;;;;;;3746;;;;;4099;;;;3254;;;;3347;;;;;1997;;;5089;;;;3907;;;;1652;;;9164;;;;3132;;;;;;;;;;;3177;;;;1319;;
21;13-02-2026 18:00;19;es;121019248;13-02-2026 17:48;13-02-2026 18:00;Sí, autorizo el uso anónimo. ;de 25 a 34;Mujer;;Formación Profesional de Grado Superior (Ciclos Formativos de Grado Superior, FP II, Maestría Industrial);Nacionalidad española y residencia en España.;;Zaragoza;;;Industria Editorial y Publicación (Trabajo para editoriales, prensa o medios).;;Autora integral;;Dibujante / Ilustradora;;Freelance / Por proyectos puntuales;Menos de 2 años;Favorable;Ha mejorado significativamente;Ninguno;Ocasionalmente (31- 60%);Nunca;;Inviable: Mis ingresos dependo totalmente de otros trabajos o apoyos.;Menos de 5.000 €;0 - 20%;Nada proporcional ;Nunca;Influye moderadamente;Preocupación alta;Raramente: (Situaciones muy aisladas o excepcionales).;No sé / No aplica a mi situación;No sé/No aplica a mi situación;No limita en absoluto ;No ;No aplica;Nunca ;Nunca ;;;No percibo barreras ;No hay sesgos ;Sí, pero participo poco ;Vinculación alta: Soy miembro y participo de forma puntual en actividades o asambleas. ;Sí;No;No;No;No;Sí;Sí;Acceso muy limitado: Formación escasa o difícil de localizar.;1-2 proyectos;1-2 proyectos ;Insuficiente ;Nunca: He aceptado todas las ofertas recibidas.;Sí;Sí;No;No;No;No;No;Sí;Revisión participativa con profesionales;Baja: Quizás, dependiendo del tipo de iniciativa.;Baja;Nunca;Totalmente (Libertad absoluta);;;;;;En ninguna medida (Ningún impacto);Nunca;Incertidumbre / Neutro;;Otro;violetalgil@gmail.com;75139;643;;1677;;13421;;;;;;;;;;;;3959;;;;8226;;;;;;;4613;;;;;5268;;;;2186;;;;2624;;;;;2715;;;7019;;;;4839;;;;1899;;;6287;;;;4907;;;;;;;;;;;3417;;;;1439;;
23;13-02-2026 18:02;19;es;2061641253;13-02-2026 17:53;13-02-2026 18:02;Sí, autorizo el uso anónimo. ;de 35 a 44;Mujer;;Enseñanza Universitaria de Primer Ciclo o Grado (Diplomatura, Grado Universitario, Ingeniería/Arquitectura Técnica);Nacionalidad española y residencia en España.;;Málaga;;;Creación y Producción Artística (Estudio propio, taller, autoedición).;;Autora integral;;Dibujante / Ilustradora;;Sin actividad remunerada en el sector;Más de 15 años;Muy desfavorable;Ha empeorado significativamente;1-2 espacios;Ocasionalmente (31- 60%);Muy frecuentemente;Impagos, incumplimientos de contrato, falta de informes de venta;Inviable: Mis ingresos dependo totalmente de otros trabajos o apoyos.;Menos de 5.000 €;0 - 20%;Nada proporcional ;Constantemente/siempre ;Influye totalmente;Preocupación baja;Constantemente / Siempre: (Representa un estado crónico o diario);Acceso parcial: Existen algunos mecanismos, pero son difíciles de activar o poco claros. ;Ineficaces: Existen formalmente pero no sirven en la práctica. ;Limita totalmente ;Sí, regularmente ;Completamente: Recae exclusivamente en mí. ;Constantemente / En múltiples ocasiones;Constantemente / En múltiples ocasiones;No denuncié por temor a represalias o medio a consecuencias;;Barreras significativas ;Sesgos claros/evidentes;No sé;Vinculación alta: Soy miembro y participo de forma puntual en actividades o asambleas. ;No;Sí;No;No;Sí;No;Sí;Acceso parcial: Encuentro información, pero es incompleta o poco clara.;1-2 proyectos;1-2 proyectos ;Muy insuficiente ;Nunca: He aceptado todas las ofertas recibidas.;Sí;No;No;Sí;Sí;No;No;No;Auditorías externas independientes;Moderada: Sí, pero con reservas por mi tiempo disponible.;Nula (Acepto condiciones impuestas);Raramente;Poco;;;;;;Totalmente (Ha condicionado toda mi carrera);Constantemente (Es una idea diaria/muy recurrente);Muy Pesimista (Lo veo imposible);Falta también hablar del cortijo que hay entre profesionales. Siempre están las mismas autoras que caen en gracia y el resto no tenemos visibilidad.;Otro;mng.educ@gmail.com;55492;263;;447;;7826;;;;;;;;;;;;1404;;;;7324;;;;;;;228;;;;;3197;;;;2205;;;;2239;;;;;1308;;;4156;;;;3257;;;;134;;;3079;;;;2683;;;;;;;;;;;165;;;;10834;;
25;13-02-2026 18:21;19;es;803646509;13-02-2026 17:55;13-02-2026 18:21;Sí, autorizo el uso anónimo. ;de 35 a 44;Mujer;;Enseñanza Universitaria de Segundo o Tercer Ciclo (Licenciatura, Máster Oficial, Doctorado, Especialidad médica);Nacionalidad española y residencia en España.;;Madrid;;;Industria Editorial y Publicación (Trabajo para editoriales, prensa o medios).;;Traductora;;Ninguno;;Freelance / Por proyectos puntuales;Más de 15 años;Desfavorable;Ha mejorado ligeramente;Ninguno;Frecuentemente (61-99%);Frecuentemente;Sobre todo en los primeros años, trabajé sin contrato y con tarifas muy bajas, además de que no me enviaban liquidaciones y casi nunca me daban ejemplares de mis traducciones.;Muy precaria: El cómic es una actividad secundaria, necesito otros trabajos constantes para subsistir.;Menos de 5.000 €;0 - 20%;Parcialmente proporcional ;Raramente (menos de una vez al año) ;Influye totalmente;Preocupación alta;Frecuentemente: (Es una situación habitual o recurrente).;Sin acceso: No dispongo de mecanismo de apoyo. ;Inexistentes: No existen políticas de este tipo. ;Limita bastante ;Sí, siempre ;Compartida: El reparto es equitativo ;Frecuentemente ;Nunca ;;;Barreras moderadas ;Sesgos moderados ;No sé;Vinculación moderada: Soy miembro, pero mi participación es nula o muy escasa. ;Sí;No;No;No;Sí;No;Sí;Acceso funcional: Accedo a formación útil de forma habitual.;6-10 proyectos;6-10 proyectos ;Insuficiente ;Rara vez: He rechazado menos de una cuarta parte de las ofertas.;Sí;No;No;Sí;Sí;No;No;No;Combinación de varios mecanismos;Moderada: Sí, pero con reservas por mi tiempo disponible.;Media;Frecuentemente;Bastante;;;;;;Poco;Frecuentemente;Pesimista;Traduje cómics hace años en condiciones que no respetan la LPI y eran precarias. He vuelto a hacerlo en los últimos años y todo ha cambiado mucho, ha sido con contrato y he recibido liquidaciones y ejemplares, pero las tarifas siguen siendo bajas y sigue habiendo algunas cosas muy difíciles de negociar en porcentaje de derechos. Aún queda mucho camino por recorrer.;Otro;eliamaqueda@gmail.com;155995;825;;2599;;16975;;;;;;;;;;;;8241;;;;12146;;;;;;;14709;;;;;4494;;;;253;;;;4329;;;;;3196;;;10189;;;;40254;;;;6642;;;6054;;;;6039;;;;;;;;;;;3655;;;;13118;;
26;13-02-2026 18:16;19;es;1769046577;13-02-2026 17:58;13-02-2026 18:16;Sí, autorizo el uso anónimo. ;de 25 a 34;Mujer;;Enseñanza Universitaria de Primer Ciclo o Grado (Diplomatura, Grado Universitario, Ingeniería/Arquitectura Técnica);Nacionalidad española y residencia en España.;;Murcia;;;Creación y Producción Artística (Estudio propio, taller, autoedición).;;Autora integral;;Dibujante / Ilustradora;;Sin actividad remunerada en el sector;2-5 años;Desfavorable;Ha mejorado ligeramente;1-2 espacios;Frecuentemente (61-99%);Ocasionalmente;Pago insuficiente para independencia económica ;Inviable: Mis ingresos dependo totalmente de otros trabajos o apoyos.;Menos de 5.000 €;0 - 20%;Nada proporcional ;Constantemente/siempre ;Influye totalmente;Preocupación muy alta/ crítica;Frecuentemente: (Es una situación habitual o recurrente).;Sin acceso: No dispongo de mecanismo de apoyo. ;Inexistentes: No existen políticas de este tipo. ;Limita bastante ;No ;No aplica;Raramente ;Nunca ;;;Barreras significativas ;Sesgos moderados ;No sé;Ninguna vinculación: No formo parte de ninguna estructura asociativa. ;Sí;No;No;No;Sí;Sí;No;Acceso muy limitado: Formación escasa o difícil de localizar.;1-2 proyectos;1-2 proyectos ;Muy insuficiente ;Ocasionalmente: He rechazado aproximadamente la mitad de las ofertas.;Sí;No;No;No;No;No;Sí;Sí;No sé;Alta: Sí, deseo participar de forma activa.;Nula (Acepto condiciones impuestas);Frecuentemente;Parcialmente;;;;;;Moderadamente;Frecuentemente;Incertidumbre / Neutro;;Lo consultaré en la web oficial sectorialcomic.com;;108986;454;;1351;;11419;;;;;;;;;;;;3683;;;;16604;;;;;;;3796;;;;;2896;;;;9095;;;;2279;;;;;3025;;;11903;;;;11257;;;;1859;;;13896;;;;10555;;;;;;;;;;;3909;;;;1005;;
28;13-02-2026 18:12;19;es;1887839194;13-02-2026 17:59;13-02-2026 18:12;Sí, autorizo el uso anónimo. ;de 25 a 34;Mujer;;Bachillerato (Bachillerato LOGSE/LOE, BUP, COU, PREU);Nacionalidad española y residencia en España.;;Pontevedra;;;Creación y Producción Artística (Estudio propio, taller, autoedición).;;Autora integral;;Dibujante / Ilustradora;;Autónoma con clientes habituales;6-10 años;Desfavorable;Se ha mantenido igual;1-2 espacios;Raramente (menos del 30%);Frecuentemente;El pago no se efectuaba cuando debería ;Inviable: Mis ingresos dependo totalmente de otros trabajos o apoyos.;Menos de 5.000 €;21 - 40%;Nada proporcional ;Ocasionalmente (1-3 veces al año) ;Influye totalmente;Preocupación muy alta/ crítica;Constantemente / Siempre: (Representa un estado crónico o diario);Acceso parcial: Existen algunos mecanismos, pero son difíciles de activar o poco claros. ;Inexistentes: No existen políticas de este tipo. ;Limita totalmente ;No ;No aplica;Raramente ;Nunca ;;;Barreras moderadas ;Sesgos claros/evidentes;No existen redes;Vinculación moderada: Soy miembro, pero mi participación es nula o muy escasa. ;No;Sí;No;No;Sí;No;Sí;Acceso muy limitado: Formación escasa o difícil de localizar.;Ninguno;1-2 proyectos ;Muy insuficiente ;Rara vez: He rechazado menos de una cuarta parte de las ofertas.;Sí;Sí;No;No;Sí;No;No;No;Informes anuales de transparencia obligatorios;Ninguna: No me interesa participar.;Baja;Nunca;Bastante;;;;;;Poco;Constantemente (Es una idea diaria/muy recurrente);Muy Pesimista (Lo veo imposible);No se contempla la posibilidad de que la persona encuestada ya haya abandonado el mundo del cómic;Lo consultaré en la web oficial sectorialcomic.com;;73581;1298;;1369;;11606;;;;;;;;;;;;2744;;;;6915;;;;;;;4553;;;;;2955;;;;3115;;;;1818;;;;;1676;;;5759;;;;3394;;;;1521;;;6921;;;;3746;;;;;;;;;;;2601;;;;1159;;
29;13-02-2026 18:24;19;es;87703433;13-02-2026 18:02;13-02-2026 18:24;Sí, autorizo el uso anónimo. ;de 25 a 34;Mujer;;Enseñanza Universitaria de Segundo o Tercer Ciclo (Licenciatura, Máster Oficial, Doctorado, Especialidad médica);Nacionalidad española y residencia en España.;;Valencia;;;Creación y Producción Artística (Estudio propio, taller, autoedición).;;Dibujante / Ilustradora;;Otro;"Fuera del sector; muralista. ";Freelance / Por proyectos puntuales;2-5 años;Muy desfavorable;Ha mejorado ligeramente;3-5 espacios;Ocasionalmente (31- 60%);Muy frecuentemente;Salarios y jornadas de trabajo muy por debajo de los mínimos establecidos en el estatuto de los trabajadores.  Cobro de derechos por debajo del 2%.;Inviable: Mis ingresos dependo totalmente de otros trabajos o apoyos.;Menos de 5.000 €;0 - 20%;Nada proporcional ;Frecuentemente (más de 3 veces al año) ;Influye totalmente;Preocupación muy alta/ crítica;Frecuentemente: (Es una situación habitual o recurrente).;Acceso muy limitado: Solo en casos extremos o sin remuneración. ;Inexistentes: No existen políticas de este tipo. ;Limita moderadamente ;Sí, raramente;Mínimamente: En casos muy puntuales;Frecuentemente ;Raramente ;Intenté denunciar, pero no supe cómo hacerlo / no encontré canales ;;Barreras significativas ;Sesgos claros/evidentes;Sí, pero no participo en ella ;Vinculación moderada: Soy miembro, pero mi participación es nula o muy escasa. ;Sí;No;Sí;No;Sí;No;No;Acceso funcional: Accedo a formación útil de forma habitual.;Más de 10 proyectos;Más de 10 proyectos ;Muy insuficiente ;Frecuentemente: He rechazado la mayoría de las ofertas.;Sí;No;No;Sí;Sí;No;No;No;Combinación de varios mecanismos;Alta: Sí, deseo participar de forma activa.;Baja;A veces;Poco;;;;;;Bastante;Frecuentemente;Pesimista;"Se me ocurren muchas cosas que añadir a esto; lo primero es daros las gracias por llevar a cabo este estudio, a mi me hace sentir menos sola. Yo no soy una autora de cómic (más bien dibujante, todo sea dicho) que pueda vivir de esto porque no se me dan las condiciones para ello. Y como yo, creo que hay muchas profesionales que no pueden desarrollar esta como su profesión por la imposibilidad de acceder, ni aproximarnos, a unas condiciones laborales mínimas que nos ampare.. Es por tanto, y lo veo constantemeentte a mi alrededor; habitamos un estado de malestar constante; ya sea en relación a la continuidad laboral, al pago de cualquier imprevisto, a la desregularización del sector, a nuestra salud mental y una larga lista que no me cabe en esta caja de texto tan pequeña. De todas formas, creo que tenemos una de las profesiones más lindas y más útiles en los tiempos que corren, así que de nuevo, gracias por leernos.  ";Otro;info@galletamaria.com;130054;689;;1308;;10836;;;;;;;;;;;;3053;;;;11933;;;;;;;2966;;;;;2743;;;;372;;;;3278;;;;;1602;;;5595;;;;4152;;;;181;;;8753;;;;2891;;;;;;;;;;;2619;;;;62106;;
33;13-02-2026 18:37;19;es;139591133;13-02-2026 18:10;13-02-2026 18:37;Sí, autorizo el uso anónimo. ;de 35 a 44;Mujer;;Enseñanza Universitaria de Segundo o Tercer Ciclo (Licenciatura, Máster Oficial, Doctorado, Especialidad médica);Nacionalidad española y residencia en España.;;Barcelona;;;Industria Editorial y Publicación (Trabajo para editoriales, prensa o medios).;;Traductora;;Ninguno;;Autónoma con clientes habituales;Más de 15 años;Neutral / Equilibrada;Ha mejorado ligeramente;1-2 espacios;Frecuentemente (61-99%);Frecuentemente;Falta de contrato/contrato sin derecho a royalties;Inestable: Reparto mi tiempo entre el cómic y otras actividades para alcanzar el ingreso mínimo.;Entre 5.001 € y el Salario Mínimo Interprofesional (aprox. 15.876 €);41 - 60%;Poco proporcional ;Nunca;Influye bastante;Preocupación alta;Frecuentemente: (Es una situación habitual o recurrente).;Acceso parcial: Existen algunos mecanismos, pero son difíciles de activar o poco claros. ;No sé/No aplica a mi situación;Limita bastante ;Sí, raramente;Ligeramente: Mi carga es secundaria ;Raramente ;Nunca ;;;Barreras mínimas ;Sesgos moderados ;Sí, pero no participo en ella ;Vinculación moderada: Soy miembro, pero mi participación es nula o muy escasa. ;Sí;Sí;No;Sí;No;No;No;Acceso funcional: Accedo a formación útil de forma habitual.;Más de 10 proyectos;Más de 10 proyectos ;Parcialmente suficiente ;Rara vez: He rechazado menos de una cuarta parte de las ofertas.;No;Sí;No;Sí;No;No;Sí;No;Comisiones de seguimiento sectoriales;Moderada: Sí, pero con reservas por mi tiempo disponible.;Media;Raramente;Bastante;;;;;;Moderadamente;A veces;Incertidumbre / Neutro;Como traductora de cómics no creo que haya sufrido mucho machismo, mi queja son las tarifas. ;Lo consultaré en la web oficial sectorialcomic.com;;156253;1032;;118;;11509;;;;;;;;;;;;6986;;;;24474;;;;;;;4849;;;;;5083;;;;5066;;;;6223;;;;;2799;;;8532;;;;2741;;;;2556;;;15393;;;;7464;;;;;;;;;;;3359;;;;47007;;
34;13-02-2026 18:27;19;es;1463983026;13-02-2026 18:14;13-02-2026 18:27;Sí, autorizo el uso anónimo. ;de 25 a 34;Persona no binaria;;Formación Profesional de Grado Superior (Ciclos Formativos de Grado Superior, FP II, Maestría Industrial);Nacionalidad española y residencia en España.;;Madrid;;;Industria Editorial y Publicación (Trabajo para editoriales, prensa o medios).;;Guionista;;Autora integral;;Freelance / Por proyectos puntuales;2-5 años;Desfavorable;Se ha mantenido igual;1-2 espacios;Raramente (menos del 30%);Ocasionalmente;;Muy precaria: El cómic es una actividad secundaria, necesito otros trabajos constantes para subsistir.;Entre 5.001 € y el Salario Mínimo Interprofesional (aprox. 15.876 €);61 - 80%;Poco proporcional ;Ocasionalmente (1-3 veces al año) ;Influye bastante;Preocupación muy alta/ crítica;Constantemente / Siempre: (Representa un estado crónico o diario);Acceso muy limitado: Solo en casos extremos o sin remuneración. ;Inexistentes: No existen políticas de este tipo. ;Limita moderadamente ;No ;No aplica;Frecuentemente ;Nunca ;;;Barreras mínimas ;Sesgos moderados ;Sí, pero participo poco ;Vinculación moderada: Soy miembro, pero mi participación es nula o muy escasa. ;Sí;No;No;No;Sí;No;Sí;No he buscado formación ;1-2 proyectos;1-2 proyectos ;Muy insuficiente ;Rara vez: He rechazado menos de una cuarta parte de las ofertas.;Sí;Sí;No;No;No;No;Sí;No;No sé;Moderada: Sí, pero con reservas por mi tiempo disponible.;Baja;Frecuentemente;Poco;;;;;;Bastante;Constantemente (Es una idea diaria/muy recurrente);Muy Pesimista (Lo veo imposible);;Lo consultaré en la web oficial sectorialcomic.com;;77097;1756;;1295;;12195;;;;;;;;;;;;2677;;;;1099;;;;;;;3405;;;;;2818;;;;2713;;;;3133;;;;;3307;;;7967;;;;3618;;;;3349;;;10261;;;;4007;;;;;;;;;;;2323;;;;1283;;
35;13-02-2026 18:37;19;es;376761537;13-02-2026 18:16;13-02-2026 18:37;Sí, autorizo el uso anónimo. ;de 25 a 34;Mujer;;Formación Profesional de Grado Medio (Ciclos Formativos de Grado Medio, FP I, Oficialía Industrial);Nacionalidad española y residencia en España.;;Barcelona;;;Creación y Producción Artística (Estudio propio, taller, autoedición).;;Dibujante / Ilustradora;;Guionista;;Autónoma con clientes habituales;2-5 años;Neutral / Equilibrada;Ha mejorado significativamente;6-10 espacios;Nunca;Ocasionalmente;Sueldo muy bajo por el trabajo a realizar. Poca transparencia en los datos de ventas, intentos de engaño a través de contratos para quedarse con todos los derechos de una obra. Chantaje emocional por llamadas.;Inestable: Reparto mi tiempo entre el cómic y otras actividades para alcanzar el ingreso mínimo.;Entre 5.001 € y el Salario Mínimo Interprofesional (aprox. 15.876 €);21 - 40%;Nada proporcional ;Raramente (menos de una vez al año) ;Influye bastante;Preocupación alta;Frecuentemente: (Es una situación habitual o recurrente).;Acceso muy limitado: Solo en casos extremos o sin remuneración. ;Insuficientes: Ofrecen un apoyo básico y se aplican, pero es muy limitado para las necesidades del sector ;Limita bastante ;No ;No aplica;Nunca ;Nunca ;;;No percibo barreras ;No hay sesgos ;Sí, pero participo poco ;Vinculación moderada: Soy miembro, pero mi participación es nula o muy escasa. ;No;Sí;No;Sí;Sí;No;No;Acceso fácil y regular: Tengo acceso sencillo a recursos formativos de alta calidad.;3-5 proyectos;1-2 proyectos ;Parcialmente suficiente ;Frecuentemente: He rechazado la mayoría de las ofertas.;No;No;Sí;Sí;Sí;No;No;No;Combinación de varios mecanismos;Ninguna: No me interesa participar.;Baja;Frecuentemente;Totalmente (Libertad absoluta);;;;;;En ninguna medida (Ningún impacto);A veces;Incertidumbre / Neutro;Mi compañeros hombres tienen problemas parecidos ahora mismo. Soy una autora joven y siento que el problema ya no es la diversidad, si no los bajos sueldos. Yo combro más que muchos de mis compañeros hombres por el mismo trabajo por que tengo más “estatus” dentro de la industria. En cuanto a acoso laboral, tengo la suerte de trabajar en casa de mis padres (aún no me puedo independizar) , y mi entorno es seguro. Mi editora también es mujer y me siento segura. Tengo libertad absoluta en la escritura de mis guiones. Lo único que falla para mí es el salario y la falta de negociación en los contratos. Todo lo demás tengo la suerte de no haberlo sufrido nunca. ;Lo consultaré en la web oficial sectorialcomic.com;;127401;2573;;1972;;20907;;;;;;;;;;;;5435;;;;19933;;;;;;;4328;;;;;4745;;;;3334;;;;1872;;;;;2583;;;666;;;;5538;;;;5372;;;11139;;;;6231;;;;;;;;;;;311;;;;21669;;
36;13-02-2026 18:28;19;es;166784521;13-02-2026 18:18;13-02-2026 18:28;Sí, autorizo el uso anónimo. ;de 25 a 34;Mujer;;Formación Profesional de Grado Superior (Ciclos Formativos de Grado Superior, FP II, Maestría Industrial);Nacionalidad española y residencia en España.;;La Coruña;;;Creación y Producción Artística (Estudio propio, taller, autoedición).;;Dibujante / Ilustradora;;Dibujante / Ilustradora;;Autónoma con clientes habituales;Menos de 2 años;Neutral / Equilibrada;Ha mejorado ligeramente;Ninguno;Ocasionalmente (31- 60%);Ocasionalmente;Poca remuneración en trabajo grande ( no se toman en serio el trabajo);Inviable: Mis ingresos dependo totalmente de otros trabajos o apoyos.;Menos de 5.000 €;0 - 20%;Nada proporcional ;Raramente (menos de una vez al año) ;Influye totalmente;Preocupación alta;Frecuentemente: (Es una situación habitual o recurrente).;Acceso parcial: Existen algunos mecanismos, pero son difíciles de activar o poco claros. ;Inexistentes: No existen políticas de este tipo. ;Limita totalmente ;Sí, siempre ;Mayoritariamente: Yo asumo la mayor parte de la carga. ;Raramente ;Nunca ;;;Barreras moderadas ;Sesgos claros/evidentes;No sé;Ninguna vinculación: No formo parte de ninguna estructura asociativa. ;No;Sí;No;No;Sí;Sí;No;Acceso parcial: Encuentro información, pero es incompleta o poco clara.;Más de 10 proyectos;Más de 10 proyectos ;Parcialmente suficiente ;Nunca: He aceptado todas las ofertas recibidas.;Sí;No;No;No;Sí;Sí;No;No;Combinación de varios mecanismos;Moderada: Sí, pero con reservas por mi tiempo disponible.;Alta;A veces;Nada (Presión constante);;;;;;Poco;Raramente;Muy optimista (Lo veo viable y seguro);;No;;63281;813;;1487;;11024;;;;;;;;;;;;387;;;;10408;;;;;;;2616;;;;;3092;;;;1925;;;;1487;;;;;1895;;;4052;;;;3266;;;;1485;;;8887;;;;3367;;;;;;;;;;;2721;;;;886;;
37;13-02-2026 18:33;19;es;1770865632;13-02-2026 18:18;13-02-2026 18:33;Sí, autorizo el uso anónimo. ;de 45 a 54;Mujer;;Enseñanza Universitaria de Segundo o Tercer Ciclo (Licenciatura, Máster Oficial, Doctorado, Especialidad médica);Nacionalidad española y residencia en España.;;Madrid;;;Industria Editorial y Publicación (Trabajo para editoriales, prensa o medios).;;Guionista;;Guionista;;Freelance / Por proyectos puntuales;6-10 años;Favorable;Ha mejorado significativamente;Ninguno;Nunca;Nunca;;Muy precaria: El cómic es una actividad secundaria, necesito otros trabajos constantes para subsistir.;Menos de 5.000 €;0 - 20%;Poco proporcional ;Constantemente/siempre ;No influye en absoluto;Preocupación alta;Nunca: (Representa la ausencia total de estos síntomas).;Sin acceso: No dispongo de mecanismo de apoyo. ;Inexistentes: No existen políticas de este tipo. ;No limita en absoluto ;No ;No aplica;Nunca ;Nunca ;;;No percibo barreras ;No hay sesgos ;No sé;Ninguna vinculación: No formo parte de ninguna estructura asociativa. ;No;No;Sí;Sí;Sí;No;No;Acceso muy limitado: Formación escasa o difícil de localizar.;1-2 proyectos;Ninguno ;Muy insuficiente ;Nunca: He aceptado todas las ofertas recibidas.;No;No;No;No;No;Sí;Sí;Sí;Sanciones económicas por incumplimiento;Alta: Sí, deseo participar de forma activa.;Alta;Frecuentemente;Poco;;;;;;En ninguna medida (Ningún impacto);Nunca;Muy Pesimista (Lo veo imposible);;Otro;delaruacast@gmail.com;90034;1153;;1599;;12379;;;;;;;;;;;;286;;;;6382;;;;;;;11637;;;;;7141;;;;4411;;;;341;;;;;4325;;;8386;;;;4726;;;;1663;;;8653;;;;6624;;;;;;;;;;;3194;;;;1491;;
40;13-02-2026 18:54;19;es;1451266963;13-02-2026 18:32;13-02-2026 18:54;Sí, autorizo el uso anónimo. ;de 35 a 44;Mujer;;Enseñanza Universitaria de Segundo o Tercer Ciclo (Licenciatura, Máster Oficial, Doctorado, Especialidad médica);Nacionalidad española y residencia en España.;;Burgos;;;Otro;Autoedición, industria editorial y aplicación de la ilustración a terceros.;Dibujante / Ilustradora;;Otro;ceramista, pintora, escultora.;Freelance / Por proyectos puntuales;6-10 años;Neutral / Equilibrada;Ha mejorado ligeramente;6-10 espacios;Frecuentemente (61-99%);Ocasionalmente;En algún caso, se me ha concedido falsa información para aceptar trabajos que luego cambian sus condiciones.;Inestable: Reparto mi tiempo entre el cómic y otras actividades para alcanzar el ingreso mínimo.;Menos de 5.000 €;0 - 20%;Poco proporcional ;Ocasionalmente (1-3 veces al año) ;Influye totalmente;Preocupación alta;Frecuentemente: (Es una situación habitual o recurrente).;Sin acceso: No dispongo de mecanismo de apoyo. ;Insuficientes: Ofrecen un apoyo básico y se aplican, pero es muy limitado para las necesidades del sector ;Limita totalmente ;No ;No aplica;Ocasionalmente ;Raramente ;No aplica/Prefiero no responder;;No percibo barreras ;No hay sesgos ;No existen redes;Vinculación muy baja: Conozco su existencia, pero no soy miembro ni participo. ;No;No;Sí;No;Sí;No;Sí;Sin acceso: No encuentro formación sobre estos temas.;6-10 proyectos;6-10 proyectos ;Insuficiente ;Rara vez: He rechazado menos de una cuarta parte de las ofertas.;Sí;No;No;No;No;No;Sí;Sí;No sé;Baja: Quizás, dependiendo del tipo de iniciativa.;Baja;A veces;Parcialmente;;;;;;Poco;Raramente;Incertidumbre / Neutro;Mi actividad principal es como dibujante. Los dibujantes trabajamos para ayer, porque nos piden todo tarde y tenemos que ser efectivos y deja poco espacio para la cratividad y estímulos artísticos. El cómic es un arte que desarrolla el dibujante y me cuesta mucho sacar un buen rato para dedicarselo, hago un esfuerzo diario. Necesitamos ayudas para poder crear con tranquilidad.;Lo consultaré en la web oficial sectorialcomic.com;;131145;961;;2513;;17941;;;;;;;;;;;;3698;;;;15614;;;;;;;4486;;;;;5813;;;;4441;;;;4643;;;;;2351;;;29765;;;;5673;;;;2538;;;8108;;;;3565;;;;;;;;;;;3261;;;;15774;;
46;13-02-2026 19:12;19;es;208576138;13-02-2026 19:04;13-02-2026 19:12;Sí, autorizo el uso anónimo. ;de 45 a 54;Mujer;;Bachillerato (Bachillerato LOGSE/LOE, BUP, COU, PREU);Nacionalidad española y residencia en España.;;Barcelona;;;Industria Editorial y Publicación (Trabajo para editoriales, prensa o medios).;;Editora / Responsable editorial;;Editora / Responsable editorial;;Asalariada con contrato indefinido;Más de 15 años;Neutral / Equilibrada;Ha mejorado ligeramente;3-5 espacios;Frecuentemente (61-99%);Ocasionalmente;Falsa autónoma;Plenamente estable: Vivo exclusivamente y de forma estable de mi actividad profesional en el cómic.;Entre 25.001 € y 40.000 €;81 - 100%;Mayormente proporcional ;Nunca;No influye en absoluto;Preocupación baja;Ocasionalmente: (Sucede a veces, pero no es la tónica general).;Acceso completo: Dispongo de protocolos claros, remunerados y de fácil acceso.;Ineficaces: Existen formalmente pero no sirven en la práctica. ;Limita moderadamente ;Sí, siempre ;Compartida: El reparto es equitativo ;Frecuentemente ;Ocasionalmente ;No denuncié por temor a represalias o medio a consecuencias;;Barreras mínimas ;Sesgos claros/evidentes;Sí, pero es inaccesible o desconocida ;Ninguna vinculación: No formo parte de ninguna estructura asociativa. ;Sí;No;No;No;Sí;Sí;No;Acceso funcional: Accedo a formación útil de forma habitual.;Más de 10 proyectos;Más de 10 proyectos ;Totalmente suficiente ;Rara vez: He rechazado menos de una cuarta parte de las ofertas.;Sí;Sí;Sí;No;No;No;No;No;Sanciones económicas por incumplimiento;Moderada: Sí, pero con reservas por mi tiempo disponible.;;;;Alta;Parcialmente suficiente;Parcialmente respetada;Reedición y restauración de obras descatalogadas.;;Moderadamente;A veces;Optimista;;Lo consultaré en la web oficial sectorialcomic.com;;45833;764;;819;;5683;;;;;;;;;;;;262;;;;4734;;;;;;;5049;;;;;3717;;;;2356;;;;248;;;;;1073;;;3143;;;;2366;;;;1118;;;3726;;;;;;;;3562;;;;;;;201;;;;613;;
49;13-02-2026 19:41;19;es;1784037636;13-02-2026 19:13;13-02-2026 19:41;Sí, autorizo el uso anónimo. ;de 25 a 34;Persona no binaria;;Enseñanza Universitaria de Segundo o Tercer Ciclo (Licenciatura, Máster Oficial, Doctorado, Especialidad médica);Nacionalidad española y residencia en España.;;Barcelona;;;Industria Editorial y Publicación (Trabajo para editoriales, prensa o medios).;;Traductora;;Otro;Revisora;Asalariada con contrato indefinido;2-5 años;Desfavorable;Se ha mantenido igual;1-2 espacios;Nunca;Nunca;;Plenamente estable: Vivo exclusivamente y de forma estable de mi actividad profesional en el cómic.;Entre el SMI y 25.000 €;81 - 100%;Parcialmente proporcional ;Raramente (menos de una vez al año) ;Influye bastante;Preocupación moderada;Ocasionalmente: (Sucede a veces, pero no es la tónica general).;Acceso funcional: Los mecanismos son conocidos y habitualmente accesibles cuando se necesitan.;No sé/No aplica a mi situación;No limita en absoluto ;No ;No aplica;Ocasionalmente ;Nunca ;;;Barreras moderadas ;Sesgos claros/evidentes;No sé;Vinculación muy baja: Conozco su existencia, pero no soy miembro ni participo. ;No;No;No;Sí;Sí;No;Sí;Acceso parcial: Encuentro información, pero es incompleta o poco clara.;Más de 10 proyectos;Más de 10 proyectos ;Mayormente suficiente ;Nunca: He aceptado todas las ofertas recibidas.;Sí;Sí;No;Sí;No;No;No;No;Combinación de varios mecanismos;Baja: Quizás, dependiendo del tipo de iniciativa.;Baja;A veces;Totalmente (Libertad absoluta);;;;;;Poco;Nunca;Incertidumbre / Neutro;;Otro;nuriacimas@gmail.com;169012;8384;;2422;;18739;;;;;;;;;;;;5387;;;;14629;;;;;;;622;;;;;11975;;;;4056;;;;4107;;;;;15992;;;10321;;;;109;;;;4719;;;14568;;;;27208;;;;;;;;;;;6085;;;;33;;
55;13-02-2026 21:01;19;es;986941714;13-02-2026 20:21;13-02-2026 21:01;Sí, autorizo el uso anónimo. ;de 35 a 44;Mujer;;Enseñanza Universitaria de Primer Ciclo o Grado (Diplomatura, Grado Universitario, Ingeniería/Arquitectura Técnica);Nacionalidad española y residencia en España.;;Barcelona;;;Industria Editorial y Publicación (Trabajo para editoriales, prensa o medios).;;Dibujante / Ilustradora;;Otro;Docente de dibujo.;Autónoma con clientes habituales;11-15 años;Neutral / Equilibrada;Ha mejorado ligeramente;1-2 espacios;Raramente (menos del 30%);Ocasionalmente;En España: En 2015 con mi primer cómic tuve un impago, en el segundo, una antología, en 2017 por 14 páginas a color me pagaron 250 € sin contrato, otros han pagado 10 € por página. Me fui al mercado francés.;Inestable: Reparto mi tiempo entre el cómic y otras actividades para alcanzar el ingreso mínimo.;Entre 5.001 € y el Salario Mínimo Interprofesional (aprox. 15.876 €);41 - 60%;Poco proporcional ;Ocasionalmente (1-3 veces al año) ;Influye totalmente;Preocupación moderada;Frecuentemente: (Es una situación habitual o recurrente).;Acceso parcial: Existen algunos mecanismos, pero son difíciles de activar o poco claros. ;Inexistentes: No existen políticas de este tipo. ;Limita bastante ;No ;No aplica;Ocasionalmente ;Raramente ;No aplica/Prefiero no responder;;Barreras mínimas ;Sesgos moderados ;Sí, pero no participo en ella ;Vinculación muy baja: Conozco su existencia, pero no soy miembro ni participo. ;No;Sí;No;No;Sí;No;Sí;Acceso parcial: Encuentro información, pero es incompleta o poco clara.;3-5 proyectos;1-2 proyectos ;Parcialmente suficiente ;Rara vez: He rechazado menos de una cuarta parte de las ofertas.;Sí;Sí;No;No;No;Sí;No;No;Combinación de varios mecanismos;Moderada: Sí, pero con reservas por mi tiempo disponible.;Media;Frecuentemente;Bastante;;;;;;Moderadamente;Nunca;Optimista;;Otro;agrandebayona@gmail.com;241158;2187;;1462;;25364;;;;;;;;;;;;7469;;;;44357;;;;;;;6306;;;;;8503;;;;3156;;;;8567;;;;;2543;;;8157;;;;7384;;;;4425;;;37194;;;;6299;;;;;;;;;;;407;;;;63715;;
56;13-02-2026 20:35;19;es;1738314439;13-02-2026 20:23;13-02-2026 20:35;Sí, autorizo el uso anónimo. ;de 25 a 34;Mujer;;Enseñanza Universitaria de Primer Ciclo o Grado (Diplomatura, Grado Universitario, Ingeniería/Arquitectura Técnica);Nacionalidad española y residencia en España.;;Córdoba;;;Creación y Producción Artística (Estudio propio, taller, autoedición).;;Dibujante / Ilustradora;;Ninguno;;Freelance / Por proyectos puntuales;2-5 años;Neutral / Equilibrada;Ha mejorado ligeramente;1-2 espacios;Frecuentemente (61-99%);Ocasionalmente;Incumplimiento en el plazo de los pagos, cambios a última hora en los plazos de entrega, pagos muy inferiores a la realidad;Muy precaria: El cómic es una actividad secundaria, necesito otros trabajos constantes para subsistir.;Menos de 5.000 €;0 - 20%;Poco proporcional ;Frecuentemente (más de 3 veces al año) ;Influye totalmente;Preocupación alta;Frecuentemente: (Es una situación habitual o recurrente).;Acceso muy limitado: Solo en casos extremos o sin remuneración. ;Ineficaces: Existen formalmente pero no sirven en la práctica. ;Limita bastante ;No ;No aplica;Ocasionalmente ;Nunca ;;;Barreras significativas ;Sesgos claros/evidentes;No sé;Vinculación muy baja: Conozco su existencia, pero no soy miembro ni participo. ;Sí;No;Sí;No;Sí;No;No;Acceso muy limitado: Formación escasa o difícil de localizar.;Ninguno;Ninguno ;Insuficiente ;Rara vez: He rechazado menos de una cuarta parte de las ofertas.;Sí;Sí;No;Sí;No;No;No;No;Combinación de varios mecanismos;Alta: Sí, deseo participar de forma activa.;Baja;Raramente;Parcialmente;;;;;;Moderadamente;Frecuentemente;Pesimista;;Lo consultaré en la web oficial sectorialcomic.com;;71017;935;;911;;12044;;;;;;;;;;;;4578;;;;10668;;;;;;;3593;;;;;3349;;;;3407;;;;2075;;;;;2414;;;8039;;;;2883;;;;2382;;;5855;;;;3479;;;;;;;;;;;3032;;;;1373;;
58;13-02-2026 20:42;19;es;2012910426;13-02-2026 20:34;13-02-2026 20:42;Sí, autorizo el uso anónimo. ;de 25 a 34;Persona no binaria;;Enseñanza Universitaria de Segundo o Tercer Ciclo (Licenciatura, Máster Oficial, Doctorado, Especialidad médica);Nacionalidad española y residencia en España.;;Valencia;;;Industria Editorial y Publicación (Trabajo para editoriales, prensa o medios).;;Traductora;;Ninguno;;Autónoma con clientes habituales;11-15 años;Desfavorable;Ha mejorado ligeramente;3-5 espacios;Frecuentemente (61-99%);Ocasionalmente;Sin pago de royalties. ;Inestable: Reparto mi tiempo entre el cómic y otras actividades para alcanzar el ingreso mínimo.;Entre 5.001 € y el Salario Mínimo Interprofesional (aprox. 15.876 €);21 - 40%;Poco proporcional ;Raramente (menos de una vez al año) ;Influye bastante;Preocupación alta;Frecuentemente: (Es una situación habitual o recurrente).;Acceso muy limitado: Solo en casos extremos o sin remuneración. ;Inexistentes: No existen políticas de este tipo. ;Limita moderadamente ;Sí, raramente;Mínimamente: En casos muy puntuales;Frecuentemente ;Raramente ;Comunicación informalmente (compañeros, redes sociales, entorno directo) ;No recibí respuesta;Barreras significativas ;Sesgos claros/evidentes;No sé;Vinculación muy baja: Conozco su existencia, pero no soy miembro ni participo. ;No;No;Sí;No;No;Sí;Sí;Acceso parcial: Encuentro información, pero es incompleta o poco clara.;6-10 proyectos;6-10 proyectos ;Insuficiente ;Nunca: He aceptado todas las ofertas recibidas.;Sí;No;No;Sí;Sí;No;No;No;Combinación de varios mecanismos;Alta: Sí, deseo participar de forma activa.;Baja;A veces;Bastante;;;;;;Moderadamente;Frecuentemente;Incertidumbre / Neutro;;Lo consultaré en la web oficial sectorialcomic.com;;48019;42;;407;;10631;;;;;;;;;;;;1951;;;;7953;;;;;;;2568;;;;;2358;;;;1758;;;;2366;;;;;1261;;;3246;;;;2397;;;;1466;;;4611;;;;2025;;;;;;;;;;;1822;;;;779;;
60;13-02-2026 20:57;19;es;2035152716;13-02-2026 20:45;13-02-2026 20:57;Sí, autorizo el uso anónimo. ;de 25 a 34;Mujer;;Enseñanza Universitaria de Segundo o Tercer Ciclo (Licenciatura, Máster Oficial, Doctorado, Especialidad médica);Nacionalidad española y residencia en España.;;Zaragoza;;;Tercer Sector / Asociacionismo (ONGs, asociaciones profesionales).;;Autora integral;;Autora integral;;Freelance / Por proyectos puntuales;6-10 años;Desfavorable;Ha mejorado ligeramente;6-10 espacios;Ocasionalmente (31- 60%);Ocasionalmente;Tiempos de cesiones exagerados, porcentajes de beneficios muy bajos, opacidad en el número de copias de cada tirada de la obra.;Viable con apoyos: Vivo mayoritariamente del cómic, aunque realizo colaboraciones externas ocasionales.;Entre 5.001 € y el Salario Mínimo Interprofesional (aprox. 15.876 €);81 - 100%;Poco proporcional ;Constantemente/siempre ;Influye totalmente;Preocupación alta;Frecuentemente: (Es una situación habitual o recurrente).;Acceso muy limitado: Solo en casos extremos o sin remuneración. ;Inexistentes: No existen políticas de este tipo. ;Limita moderadamente ;Sí, raramente;Compartida: El reparto es equitativo ;Ocasionalmente ;Nunca ;;;Barreras moderadas ;Sesgos claros/evidentes;Sí, participo activamente ;Vinculación muy alta: Soy miembro y participo activamente (cargos de representación, grupos de trabajo o comisiones).;Sí;Sí;No;No;Sí;No;No;Acceso muy limitado: Formación escasa o difícil de localizar.;6-10 proyectos;3-5 proyectos ;Parcialmente suficiente ;Ocasionalmente: He rechazado aproximadamente la mitad de las ofertas.;No;No;No;Sí;Sí;No;Sí;No;Informes anuales de transparencia obligatorios;Moderada: Sí, pero con reservas por mi tiempo disponible.;Baja;Nunca;Totalmente (Libertad absoluta);;;;;;Moderadamente;A veces;Incertidumbre / Neutro;;Otro;sarajotabe@gmail.com;73209;425;;933;;9706;;;;;;;;;;;;3118;;;;12465;;;;;;;2835;;;;;2624;;;;3263;;;;4954;;;;;2738;;;4372;;;;6819;;;;2304;;;7939;;;;3972;;;;;;;;;;;2611;;;;2131;;
61;13-02-2026 20:56;19;es;1165128375;13-02-2026 20:45;13-02-2026 20:56;Sí, autorizo el uso anónimo. ;de 45 a 54;Mujer;;Enseñanza Universitaria de Segundo o Tercer Ciclo (Licenciatura, Máster Oficial, Doctorado, Especialidad médica);Nacionalidad española y residencia en España.;;Barcelona;;;Industria Editorial y Publicación (Trabajo para editoriales, prensa o medios).;;Traductora;;Ninguno;;Freelance / Por proyectos puntuales;2-5 años;Neutral / Equilibrada;Se ha mantenido igual;Ninguno;Nunca;Ocasionalmente;Tarifas bajas;Inviable: Mis ingresos dependo totalmente de otros trabajos o apoyos.;Menos de 5.000 €;0 - 20%;Poco proporcional ;Raramente (menos de una vez al año) ;Influye muy poco;Preocupación moderada;Ocasionalmente: (Sucede a veces, pero no es la tónica general).;Acceso muy limitado: Solo en casos extremos o sin remuneración. ;Inexistentes: No existen políticas de este tipo. ;No limita en absoluto ;Sí, siempre ;Compartida: El reparto es equitativo ;Raramente ;Nunca ;;;No percibo barreras ;Sesgos moderados ;No sé;Ninguna vinculación: No formo parte de ninguna estructura asociativa. ;No;No;No;Sí;Sí;No;Sí;Acceso funcional: Accedo a formación útil de forma habitual.;Más de 10 proyectos;Más de 10 proyectos ;Insuficiente ;Nunca: He aceptado todas las ofertas recibidas.;Sí;No;No;Sí;No;Sí;No;No;Sanciones económicas por incumplimiento;Moderada: Sí, pero con reservas por mi tiempo disponible.;Baja;Frecuentemente;Bastante;;;;;;En ninguna medida (Ningún impacto);A veces;Pesimista;;Lo consultaré en la web oficial sectorialcomic.com;;62509;2856;;1782;;11002;;;;;;;;;;;;2707;;;;4944;;;;;;;3919;;;;;3246;;;;3268;;;;1907;;;;;239;;;4926;;;;3241;;;;1467;;;5546;;;;3631;;;;;;;;;;;3964;;;;1713;;
63;13-02-2026 21:27;19;es;1729903181;13-02-2026 21:18;13-02-2026 21:27;Sí, autorizo el uso anónimo. ;de 45 a 54;Mujer;;Enseñanza Universitaria de Primer Ciclo o Grado (Diplomatura, Grado Universitario, Ingeniería/Arquitectura Técnica);Nacionalidad española y residencia en España.;;Madrid;;;Industria Editorial y Publicación (Trabajo para editoriales, prensa o medios).;;Otro;Prensa y comunicación editorial ;Divulgadora / Crítica;;Autónoma con clientes habituales;2-5 años;Favorable;Ha mejorado ligeramente;3-5 espacios;Siempre (100% de mis trabajos);Ocasionalmente;Finalizar la relación laboral sin aviso previo o precarización del contrato ;Inestable: Reparto mi tiempo entre el cómic y otras actividades para alcanzar el ingreso mínimo.;Entre 5.001 € y el Salario Mínimo Interprofesional (aprox. 15.876 €);21 - 40%;Parcialmente proporcional ;Raramente (menos de una vez al año) ;Influye bastante;Preocupación alta;Ocasionalmente: (Sucede a veces, pero no es la tónica general).;Sin acceso: No dispongo de mecanismo de apoyo. ;Inexistentes: No existen políticas de este tipo. ;Limita moderadamente ;Sí, frecuentemente;Mayoritariamente: Yo asumo la mayor parte de la carga. ;Ocasionalmente ;Raramente ;No aplica/Prefiero no responder;;Barreras moderadas ;Sesgos moderados ;Sí, participo activamente ;Vinculación moderada: Soy miembro, pero mi participación es nula o muy escasa. ;Sí;Sí;No;No;Sí;No;No;Acceso parcial: Encuentro información, pero es incompleta o poco clara.;3-5 proyectos;3-5 proyectos ;Parcialmente suficiente ;Nunca: He aceptado todas las ofertas recibidas.;Sí;No;No;Sí;No;No;No;Sí;Informes anuales de transparencia obligatorios;Moderada: Sí, pero con reservas por mi tiempo disponible.;;;;;;;;;Totalmente (Ha condicionado toda mi carrera);Nunca;Optimista;;Otro;efimerahub@gmail.com;49399;458;;2142;;8824;;;;;;;;;;;;2334;;;;7697;;;;;;;3496;;;;;2458;;;;2006;;;;2572;;;;;2039;;;4831;;;;2169;;;;1389;;;3424;;;;;;;;;;;;;;;2546;;;;1014;;
64;13-02-2026 21:34;19;es;2091642405;13-02-2026 21:22;13-02-2026 21:34;Sí, autorizo el uso anónimo. ;de 45 a 54;Mujer;;Enseñanza Universitaria de Primer Ciclo o Grado (Diplomatura, Grado Universitario, Ingeniería/Arquitectura Técnica);Nacionalidad española y residencia en España.;;Barcelona;;;Creación y Producción Artística (Estudio propio, taller, autoedición).;;Dibujante / Ilustradora;;Ninguno;;Freelance / Por proyectos puntuales;6-10 años;Desfavorable;Ha empeorado ligeramente;3-5 espacios;Nunca;Frecuentemente;Derechos de autor en todo el UNIVERSO ;Viable con apoyos: Vivo mayoritariamente del cómic, aunque realizo colaboraciones externas ocasionales.;Entre el SMI y 25.000 €;0 - 20%;Poco proporcional ;Frecuentemente (más de 3 veces al año) ;Influye bastante;Preocupación alta;Constantemente / Siempre: (Representa un estado crónico o diario);Acceso muy limitado: Solo en casos extremos o sin remuneración. ;Inexistentes: No existen políticas de este tipo. ;Limita bastante ;Sí, regularmente ;Compartida: El reparto es equitativo ;Raramente ;Raramente ;No aplica/Prefiero no responder;;Barreras significativas ;Sesgos moderados ;No sé;Vinculación moderada: Soy miembro, pero mi participación es nula o muy escasa. ;No;No;Sí;No;Sí;No;Sí;Acceso parcial: Encuentro información, pero es incompleta o poco clara.;Más de 10 proyectos;Más de 10 proyectos ;Parcialmente suficiente ;Ocasionalmente: He rechazado aproximadamente la mitad de las ofertas.;Sí;No;No;No;Sí;Sí;No;No;Combinación de varios mecanismos;Moderada: Sí, pero con reservas por mi tiempo disponible.;Baja;Frecuentemente;Bastante;;;;;;Moderadamente;Frecuentemente;Pesimista;;Lo consultaré en la web oficial sectorialcomic.com;;72583;615;;694;;9912;;;;;;;;;;;;4256;;;;8639;;;;;;;4248;;;;;345;;;;3052;;;;5365;;;;;1926;;;8439;;;;40;;;;2685;;;6529;;;;4029;;;;;;;;;;;2995;;;;1749;;
65;13-02-2026 21:39;19;es;2095280743;13-02-2026 21:26;13-02-2026 21:39;Sí, autorizo el uso anónimo. ;de 25 a 34;Otro;Mujer trans;Enseñanza Universitaria de Primer Ciclo o Grado (Diplomatura, Grado Universitario, Ingeniería/Arquitectura Técnica);Nacionalidad española y residencia en España.;;Murcia;;;Creación y Producción Artística (Estudio propio, taller, autoedición).;;Guionista;;Autora integral;;Sin actividad remunerada en el sector;6-10 años;Muy desfavorable;Ha empeorado significativamente;3-5 espacios;Ocasionalmente (31- 60%);Frecuentemente;Prometen editarte y luego no lo hacen.;Inviable: Mis ingresos dependo totalmente de otros trabajos o apoyos.;Menos de 5.000 €;0 - 20%;Poco proporcional ;Constantemente/siempre ;Influye totalmente;Preocupación muy alta/ crítica;Frecuentemente: (Es una situación habitual o recurrente).;Sin acceso: No dispongo de mecanismo de apoyo. ;Efectivas: Son medidas funcionales que ofrecen un apoyo real y preventivo ;Limita moderadamente ;No ;No aplica;Frecuentemente ;Constantemente / En múltiples ocasiones;Comunicación informalmente (compañeros, redes sociales, entorno directo) ;Respuesta muy inadecuada;Barreras insuperables;Sesgos muy acentuados y sistemáticos;Sí, pero es inaccesible o desconocida ;Vinculación muy baja: Conozco su existencia, pero no soy miembro ni participo. ;No;No;Sí;Sí;No;Sí;No;Acceso parcial: Encuentro información, pero es incompleta o poco clara.;Ninguno;6-10 proyectos ;Muy insuficiente ;Nunca: He aceptado todas las ofertas recibidas.;No;No;No;No;Sí;Sí;Sí;No;Revisión participativa con profesionales;Alta: Sí, deseo participar de forma activa.;Nula (Acepto condiciones impuestas);Nunca;Nada (Presión constante);;;;;;Totalmente (Ha condicionado toda mi carrera);Constantemente (Es una idea diaria/muy recurrente);Muy Pesimista (Lo veo imposible);Las personas trans y NB.;Otro;arielmonandreo@gmail.com;79419;1141;;924;;8115;;;;;;;;;;;;1937;;;;8815;;;;;;;4742;;;;;476;;;;2743;;;;4518;;;;;1824;;;735;;;;566;;;;3976;;;10712;;;;3954;;;;;;;;;;;5043;;;;3205;;
70;14-02-2026 0:53;19;es;1441533575;14-02-2026 0:29;14-02-2026 0:53;Sí, autorizo el uso anónimo. ;de 18 a 24;Mujer;;Formación Profesional de Grado Superior (Ciclos Formativos de Grado Superior, FP II, Maestría Industrial);Nacionalidad española y residencia en España.;;Pontevedra;;;Industria Editorial y Publicación (Trabajo para editoriales, prensa o medios).;;Dibujante / Ilustradora;;Autora integral;;Freelance / Por proyectos puntuales;Menos de 2 años;Desfavorable;Ha mejorado ligeramente;3-5 espacios;Nunca;Frecuentemente;Pagos atrasados. Derechos de reproducción sin sentido, como por ejemplo en VHS, mp3…  ;Inviable: Mis ingresos dependo totalmente de otros trabajos o apoyos.;Menos de 5.000 €;0 - 20%;Poco proporcional ;Ocasionalmente (1-3 veces al año) ;Influye moderadamente;Preocupación alta;Constantemente / Siempre: (Representa un estado crónico o diario);Sin acceso: No dispongo de mecanismo de apoyo. ;Inexistentes: No existen políticas de este tipo. ;Limita moderadamente ;Sí, raramente;Ligeramente: Mi carga es secundaria ;Ocasionalmente ;Raramente ;No denuncié por decisión propia (no lo consideré o preferí no hacerlo);;Barreras mínimas ;Sesgos claros/evidentes;No sé;Vinculación moderada: Soy miembro, pero mi participación es nula o muy escasa. ;Sí;Sí;No;No;Sí;No;No;Acceso parcial: Encuentro información, pero es incompleta o poco clara.;1-2 proyectos;1-2 proyectos ;Muy insuficiente ;Nunca: He aceptado todas las ofertas recibidas.;No;No;No;No;Sí;Sí;Sí;No;Informes anuales de transparencia obligatorios;Moderada: Sí, pero con reservas por mi tiempo disponible.;Baja;Raramente;Bastante;;;;;;Moderadamente;A veces;Pesimista;;Lo consultaré en la web oficial sectorialcomic.com;;140387;29;;711;;12438;;;;;;;;;;;;3117;;;;50481;;;;;;;636;;;;;1365;;;;2973;;;;3007;;;;;2458;;;13496;;;;3198;;;;2226;;;16908;;;;4524;;;;;;;;;;;3391;;;;1159;;
74;14-02-2026 8:52;19;es;292248230;14-02-2026 8:36;14-02-2026 8:52;Sí, autorizo el uso anónimo. ;de 35 a 44;Mujer;;Formación Profesional de Grado Superior (Ciclos Formativos de Grado Superior, FP II, Maestría Industrial);Nacionalidad española y residencia en España.;;Barcelona;;;Industria Editorial y Publicación (Trabajo para editoriales, prensa o medios).;;Dibujante / Ilustradora;;Dibujante / Ilustradora;;Autónoma con clientes habituales;6-10 años;Muy desfavorable;Se ha mantenido igual;3-5 espacios;Ocasionalmente (31- 60%);Frecuentemente;Encargos con urgencia, textos que llegan más tarde de los acordado y presión para terminar a tiempo cuando no ha sido tu culpa. Impagos,  falta de información de ventas anuales, intentos de hacer encargos sin derechos de autor, hablo en el mundo ilustración en general incluyendo el cómic, es todo el sector.  ;Muy precaria: El cómic es una actividad secundaria, necesito otros trabajos constantes para subsistir.;Menos de 5.000 €;0 - 20%;Nada proporcional ;Frecuentemente (más de 3 veces al año) ;Influye totalmente;Preocupación muy alta/ crítica;Frecuentemente: (Es una situación habitual o recurrente).;Acceso parcial: Existen algunos mecanismos, pero son difíciles de activar o poco claros. ;Ineficaces: Existen formalmente pero no sirven en la práctica. ;Limita totalmente ;Sí, raramente;Ligeramente: Mi carga es secundaria ;Ocasionalmente ;Nunca ;;;Barreras moderadas ;Sesgos claros/evidentes;Sí, pero es inaccesible o desconocida ;Vinculación moderada: Soy miembro, pero mi participación es nula o muy escasa. ;Sí;No;Sí;No;Sí;No;No;Acceso muy limitado: Formación escasa o difícil de localizar.;3-5 proyectos;3-5 proyectos ;Muy insuficiente ;Nunca: He aceptado todas las ofertas recibidas.;Sí;No;No;No;Sí;Sí;No;No;Sanciones económicas por incumplimiento;Moderada: Sí, pero con reservas por mi tiempo disponible.;Nula (Acepto condiciones impuestas);Nunca;Parcialmente;;;;;;Bastante;Constantemente (Es una idea diaria/muy recurrente);Muy Pesimista (Lo veo imposible);Tardamos 1 año como mínimo en hacer un cómic, cobramos adelantos que no llegán a 2000 euros en muchos casos pagando nuestras cuotas de autónomo y seguridad social, no existen gremios/sindicatos con regularización de precios y condiciones a los que podamos acudir de forma legal cuando tentemos problemas laborales, seguimos siendo una profesión por amor al arte donde se reciben propuestas mal pagadas a cambio de visibilidad, y nos solo en redes, ejemplo, me llego un encargo de una editorial cuyo autor del 'primo' de un famoso e intentaron no darme royalties y pagarme 500 euros indicando que tendría mucha visibilidad por ser quien era. Editoriales de no pagan o pagan tarde. Poca transparencia, no hablo solo del mundo del cómic, si no de la ilustración en general,  estamos agotadas, gracias.  ;Otro;elvalombardia@gmail.com;99404;466;;463;;5858;;;;;;;;;;;;2247;;;;14796;;;;;;;2399;;;;;252;;;;2117;;;;1177;;;;;1412;;;412;;;;2614;;;;2914;;;4778;;;;3362;;;;;;;;;;;2149;;;;46012;;
75;14-02-2026 9:01;19;es;1092791440;14-02-2026 8:48;14-02-2026 9:01;Sí, autorizo el uso anónimo. ;de 35 a 44;Mujer;;Formación Profesional de Grado Superior (Ciclos Formativos de Grado Superior, FP II, Maestría Industrial);Nacionalidad española y residencia en España.;;Pontevedra;;;Creación y Producción Artística (Estudio propio, taller, autoedición).;;Guionista;;Promotora / Comisaria o gestora cultural;;Freelance / Por proyectos puntuales;11-15 años;Desfavorable;Ha empeorado ligeramente;Ninguno;Ocasionalmente (31- 60%);Frecuentemente;impagos, retraso en los pagos, cláusulas contractuales nulas y cláusulas contractuales ilegales;Muy precaria: El cómic es una actividad secundaria, necesito otros trabajos constantes para subsistir.;Menos de 5.000 €;0 - 20%;Nada proporcional ;Constantemente/siempre ;Influye totalmente;Preocupación muy alta/ crítica;Constantemente / Siempre: (Representa un estado crónico o diario);Sin acceso: No dispongo de mecanismo de apoyo. ;Inexistentes: No existen políticas de este tipo. ;Limita totalmente ;No ;No aplica;Constantemente / En múltiples ocasiones;Constantemente / En múltiples ocasiones;No denuncié por temor a represalias o medio a consecuencias;;Barreras insuperables;Sesgos muy acentuados y sistemáticos;Sí, participo activamente ;Vinculación muy alta: Soy miembro y participo activamente (cargos de representación, grupos de trabajo o comisiones).;Sí;No;No;No;Sí;No;Sí;Acceso fácil y regular: Tengo acceso sencillo a recursos formativos de alta calidad.;3-5 proyectos;3-5 proyectos ;Muy insuficiente ;Rara vez: He rechazado menos de una cuarta parte de las ofertas.;Sí;Sí;No;No;Sí;No;No;No;Informes anuales de transparencia obligatorios;Muy alta: Sí, especialmente en roles de gestión o liderazgo;Nula (Acepto condiciones impuestas);Nunca;Nada (Presión constante);;;;;;Totalmente (Ha condicionado toda mi carrera);Constantemente (Es una idea diaria/muy recurrente);Muy Pesimista (Lo veo imposible);El colectivo de autoras debería dirigir esta encuesta, la asociación comiqueras mujeres + del cómic es una asociación instrumental creada por la sectorial;Lo consultaré en la web oficial sectorialcomic.com;;74014;1914;;2199;;13055;;;;;;;;;;;;2491;;;;94;;;;;;;2696;;;;;2644;;;;1659;;;;2492;;;;;1243;;;4923;;;;3093;;;;1824;;;5082;;;;3251;;;;;;;;;;;2615;;;;13433;;
78;14-02-2026 9:26;19;es;984400721;14-02-2026 9:13;14-02-2026 9:26;Sí, autorizo el uso anónimo. ;de 35 a 44;Mujer;;Enseñanza Universitaria de Segundo o Tercer Ciclo (Licenciatura, Máster Oficial, Doctorado, Especialidad médica);Nacionalidad española y residencia en España.;;Sevilla;;;Creación y Producción Artística (Estudio propio, taller, autoedición).;;Colorista;;Dibujante / Ilustradora;;Freelance / Por proyectos puntuales;11-15 años;Desfavorable;Ha mejorado ligeramente;1-2 espacios;Frecuentemente (61-99%);Ocasionalmente;Trabajos sin contrato editorial;Inestable: Reparto mi tiempo entre el cómic y otras actividades para alcanzar el ingreso mínimo.;Entre 5.001 € y el Salario Mínimo Interprofesional (aprox. 15.876 €);81 - 100%;Parcialmente proporcional ;Ocasionalmente (1-3 veces al año) ;Influye totalmente;Preocupación muy alta/ crítica;Ocasionalmente: (Sucede a veces, pero no es la tónica general).;Sin acceso: No dispongo de mecanismo de apoyo. ;Inexistentes: No existen políticas de este tipo. ;Limita moderadamente ;Sí, raramente;Ligeramente: Mi carga es secundaria ;Raramente ;Raramente ;No aplica/Prefiero no responder;;Barreras mínimas ;Sesgos muy leves ;Sí, pero participo poco ;Vinculación moderada: Soy miembro, pero mi participación es nula o muy escasa. ;Sí;No;Sí;No;No;No;Sí;Acceso parcial: Encuentro información, pero es incompleta o poco clara.;3-5 proyectos;3-5 proyectos ;Muy insuficiente ;Rara vez: He rechazado menos de una cuarta parte de las ofertas.;Sí;Sí;No;No;No;No;Sí;No;Combinación de varios mecanismos;Moderada: Sí, pero con reservas por mi tiempo disponible.;Media;A veces;Parcialmente;;;;;;Poco;A veces;Pesimista;;Lo consultaré en la web oficial sectorialcomic.com;;78529;2232;;2026;;12465;;;;;;;;;;;;388;;;;10081;;;;;;;3745;;;;;3317;;;;3283;;;;4734;;;;;2658;;;5666;;;;6794;;;;2324;;;6747;;;;4067;;;;;;;;;;;3001;;;;1509;;
80;14-02-2026 10:46;19;es;1946362250;14-02-2026 9:28;14-02-2026 10:46;Sí, autorizo el uso anónimo. ;de 45 a 54;Mujer;;Formación Profesional de Grado Superior (Ciclos Formativos de Grado Superior, FP II, Maestría Industrial);Nacionalidad española y residencia en España.;;Barcelona;;;Creación y Producción Artística (Estudio propio, taller, autoedición).;;Autora integral;;Ninguno;;Sin actividad remunerada en el sector;2-5 años;Desfavorable;Se ha mantenido igual;1-2 espacios;Raramente (menos del 30%);Muy frecuentemente;Remuneración muy, muy insuficiente.;Inviable: Mis ingresos dependo totalmente de otros trabajos o apoyos.;Menos de 5.000 €;0 - 20%;Nada proporcional ;Constantemente/siempre ;Influye totalmente;Preocupación muy alta/ crítica;No sé/Prefiero no contestar;Sin acceso: No dispongo de mecanismo de apoyo. ;Inexistentes: No existen políticas de este tipo. ;Limita muy poco ;No ;No aplica;Raramente ;Nunca ;;;Barreras insuperables;Sesgos moderados ;Sí, pero es inaccesible o desconocida ;Vinculación moderada: Soy miembro, pero mi participación es nula o muy escasa. ;Sí;No;Sí;Sí;No;No;No;Acceso muy limitado: Formación escasa o difícil de localizar.;Ninguno;1-2 proyectos ;Muy insuficiente ;Nunca: He aceptado todas las ofertas recibidas.;No;No;No;No;No;Sí;Sí;Sí;No sé;Alta: Sí, deseo participar de forma activa.;Baja;Frecuentemente;Totalmente (Libertad absoluta);;;;;;Totalmente (Ha condicionado toda mi carrera);A veces;Pesimista;;Lo consultaré en la web oficial sectorialcomic.com;;467748;8628;;4079;;36569;;;;;;;;;;;;28037;;;;258;;;;;;;1653;;;;;29193;;;;7639;;;;56418;;;;;6595;;;57729;;;;36078;;;;2307;;;99447;;;;15264;;;;;;;;;;;16449;;;;20986;;
81;14-02-2026 10:03;19;es;1431369410;14-02-2026 9:53;14-02-2026 10:03;Sí, autorizo el uso anónimo. ;de 55 a 64;Mujer;;Formación Profesional de Grado Superior (Ciclos Formativos de Grado Superior, FP II, Maestría Industrial);Nacionalidad española y residencia en España.;;Barcelona;;;Creación y Producción Artística (Estudio propio, taller, autoedición).;;Autora integral;;Dibujante / Ilustradora;;Freelance / Por proyectos puntuales;6-10 años;Desfavorable;Ha mejorado ligeramente;1-2 espacios;Frecuentemente (61-99%);Nunca;;Inviable: Mis ingresos dependo totalmente de otros trabajos o apoyos.;Menos de 5.000 €;0 - 20%;Nada proporcional ;Frecuentemente (más de 3 veces al año) ;Influye bastante;Preocupación muy alta/ crítica;Frecuentemente: (Es una situación habitual o recurrente).;Sin acceso: No dispongo de mecanismo de apoyo. ;Inexistentes: No existen políticas de este tipo. ;Limita totalmente ;Sí, siempre ;Completamente: Recae exclusivamente en mí. ;Ocasionalmente ;Nunca ;;;Barreras moderadas ;Sesgos claros/evidentes;Sí, participo activamente ;Vinculación muy alta: Soy miembro y participo activamente (cargos de representación, grupos de trabajo o comisiones).;Sí;Sí;No;No;No;No;Sí;Acceso muy limitado: Formación escasa o difícil de localizar.;1-2 proyectos;1-2 proyectos ;Insuficiente ;Ocasionalmente: He rechazado aproximadamente la mitad de las ofertas.;Sí;Sí;No;No;No;Sí;No;No;Combinación de varios mecanismos;Muy alta: Sí, especialmente en roles de gestión o liderazgo;Baja;Raramente;Poco;;;;;;Bastante;Frecuentemente;Pesimista;;Lo consultaré en la web oficial sectorialcomic.com;;60299;485;;713;;7425;;;;;;;;;;;;3002;;;;8321;;;;;;;3844;;;;;3999;;;;3035;;;;1468;;;;;1731;;;3941;;;;3077;;;;211;;;7331;;;;5331;;;;;;;;;;;3296;;;;119;;
82;14-02-2026 10:09;19;es;1552706861;14-02-2026 9:54;14-02-2026 10:09;Sí, autorizo el uso anónimo. ;de 25 a 34;Mujer;;Enseñanza Universitaria de Primer Ciclo o Grado (Diplomatura, Grado Universitario, Ingeniería/Arquitectura Técnica);Nacionalidad española y residencia en España.;;Asturias;;;Creación y Producción Artística (Estudio propio, taller, autoedición).;;Dibujante / Ilustradora;;Autora integral;;Sin actividad remunerada en el sector;2-5 años;Desfavorable;Ha mejorado ligeramente;Ninguno;Raramente (menos del 30%);Frecuentemente;Años de duración de derechos. Porcentajes abusivos. Adelantos bajos. ;Inviable: Mis ingresos dependo totalmente de otros trabajos o apoyos.;Menos de 5.000 €;0 - 20%;Nada proporcional ;Raramente (menos de una vez al año) ;Influye totalmente;Preocupación muy alta/ crítica;Frecuentemente: (Es una situación habitual o recurrente).;Acceso muy limitado: Solo en casos extremos o sin remuneración. ;Inexistentes: No existen políticas de este tipo. ;Limita totalmente ;No ;No aplica;Ocasionalmente ;Nunca ;;;Barreras significativas ;Sesgos claros/evidentes;Sí, pero no participo en ella ;Vinculación moderada: Soy miembro, pero mi participación es nula o muy escasa. ;Sí;No;No;No;Sí;No;Sí;Acceso muy limitado: Formación escasa o difícil de localizar.;Ninguno;Ninguno ;Muy insuficiente ;Nunca: He aceptado todas las ofertas recibidas.;Sí;No;No;No;Sí;No;Sí;No;Sanciones económicas por incumplimiento;Baja: Quizás, dependiendo del tipo de iniciativa.;Baja;Raramente;Parcialmente;;;;;;Bastante;Frecuentemente;Muy Pesimista (Lo veo imposible);Falta de ayuda a mujeres jóvenes qué quieren empezar en el sector y la imposibilidad actual que hay para acceder.der;Otro;delacageartworks@gmail.com;91476;1831;;1209;;15404;;;;;;;;;;;;3054;;;;13212;;;;;;;4537;;;;;4262;;;;2345;;;;4458;;;;;2346;;;6993;;;;3619;;;;2575;;;7942;;;;4895;;;;;;;;;;;3095;;;;9699;;
85;14-02-2026 10:29;19;es;1523785164;14-02-2026 10:11;14-02-2026 10:29;Sí, autorizo el uso anónimo. ;de 35 a 44;Mujer;;Enseñanza Universitaria de Primer Ciclo o Grado (Diplomatura, Grado Universitario, Ingeniería/Arquitectura Técnica);Nacionalidad española y residencia en España.;;Madrid;;;Industria Editorial y Publicación (Trabajo para editoriales, prensa o medios).;;Dibujante / Ilustradora;;Colorista;;Autónoma con clientes habituales;2-5 años;Favorable;Ha mejorado ligeramente;3-5 espacios;Nunca;Raramente;Precio por proyecto relativamente bajo para la carga de trabajo que suponía. ;Viable con apoyos: Vivo mayoritariamente del cómic, aunque realizo colaboraciones externas ocasionales.;Entre 25.001 € y 40.000 €;81 - 100%;Parcialmente proporcional ;Nunca;Influye muy poco;Ninguna preocupación;Frecuentemente: (Es una situación habitual o recurrente).;Acceso muy limitado: Solo en casos extremos o sin remuneración. ;Inexistentes: No existen políticas de este tipo. ;Limita moderadamente ;Sí, siempre ;Mayoritariamente: Yo asumo la mayor parte de la carga. ;Raramente ;Nunca ;;;No percibo barreras ;Sesgos muy leves ;Sí, pero no participo en ella ;Vinculación muy alta: Soy miembro y participo activamente (cargos de representación, grupos de trabajo o comisiones).;No;Sí;No;Sí;Sí;No;No;Acceso parcial: Encuentro información, pero es incompleta o poco clara.;3-5 proyectos;3-5 proyectos ;Mayormente suficiente ;Ocasionalmente: He rechazado aproximadamente la mitad de las ofertas.;Sí;No;No;Sí;Sí;No;No;No;Combinación de varios mecanismos;Alta: Sí, deseo participar de forma activa.;Alta;Frecuentemente;Bastante;;;;;;Poco;Nunca;Muy optimista (Lo veo viable y seguro);;Lo consultaré en la web oficial sectorialcomic.com;;105711;1575;;516;;1231;;;;;;;;;;;;6083;;;;17564;;;;;;;6122;;;;;7296;;;;433;;;;2283;;;;;309;;;8279;;;;6803;;;;3188;;;10721;;;;5455;;;;;;;;;;;3957;;;;1495;;
88;14-02-2026 11:13;19;es;562434582;14-02-2026 10:53;14-02-2026 11:13;Sí, autorizo el uso anónimo. ;de 35 a 44;Mujer;;Enseñanza Universitaria de Segundo o Tercer Ciclo (Licenciatura, Máster Oficial, Doctorado, Especialidad médica);Nacionalidad española residente en el extranjero.;;;Alemania;Berlin;Industria Editorial y Publicación (Trabajo para editoriales, prensa o medios).;;Autora integral;;Dibujante / Ilustradora;;Freelance / Por proyectos puntuales;2-5 años;Desfavorable;Ha mejorado ligeramente;6-10 espacios;Ocasionalmente (31- 60%);Muy frecuentemente;Pagos muy atrasados (más de 5 meses de retraso). Remuneración muy baja.;Inestable: Reparto mi tiempo entre el cómic y otras actividades para alcanzar el ingreso mínimo.;Entre 5.001 € y el Salario Mínimo Interprofesional (aprox. 15.876 €);0 - 20%;Nada proporcional ;Frecuentemente (más de 3 veces al año) ;Influye totalmente;Preocupación alta;Constantemente / Siempre: (Representa un estado crónico o diario);Acceso muy limitado: Solo en casos extremos o sin remuneración. ;Inexistentes: No existen políticas de este tipo. ;Limita moderadamente ;No ;No aplica;Ocasionalmente ;Raramente ;No aplica/Prefiero no responder;;Barreras moderadas ;Sesgos claros/evidentes;Sí, pero participo poco ;Vinculación moderada: Soy miembro, pero mi participación es nula o muy escasa. ;Sí;Sí;No;No;No;No;Sí;Acceso funcional: Accedo a formación útil de forma habitual.;3-5 proyectos;3-5 proyectos ;Insuficiente ;Rara vez: He rechazado menos de una cuarta parte de las ofertas.;Sí;No;No;No;Sí;No;Sí;No;Sanciones económicas por incumplimiento;Moderada: Sí, pero con reservas por mi tiempo disponible.;Baja;A veces;Bastante;;;;;;Moderadamente;Frecuentemente;Incertidumbre / Neutro;;Otro;berta.cuso@gmail.com;121543;595;;8289;;1644;;;;;;;;;;;;15055;;;;20944;;;;;;;4482;;;;;4327;;;;339;;;;5601;;;;;2644;;;717;;;;8868;;;;232;;;11646;;;;4598;;;;;;;;;;;3382;;;;1792;;
91;14-02-2026 12:36;19;es;1422930117;14-02-2026 12:16;14-02-2026 12:36;Sí, autorizo el uso anónimo. ;de 45 a 54;Mujer;;Formación Profesional de Grado Medio (Ciclos Formativos de Grado Medio, FP I, Oficialía Industrial);Nacionalidad española y residencia en España.;;Granada;;;Instituciones y Gestión Cultural (Bibliotecas, museos, administración pública, eventos);;Promotora / Comisaria o gestora cultural;;Diseñadora gráfica;;Freelance / Por proyectos puntuales;Más de 15 años;Desfavorable;Ha empeorado ligeramente;6-10 espacios;Siempre (100% de mis trabajos);Muy frecuentemente;Todas;Inestable: Reparto mi tiempo entre el cómic y otras actividades para alcanzar el ingreso mínimo.;Menos de 5.000 €;0 - 20%;Poco proporcional ;Frecuentemente (más de 3 veces al año) ;Influye totalmente;Preocupación muy alta/ crítica;Frecuentemente: (Es una situación habitual o recurrente).;Sin acceso: No dispongo de mecanismo de apoyo. ;Inexistentes: No existen políticas de este tipo. ;Limita bastante ;Sí, siempre ;Mayoritariamente: Yo asumo la mayor parte de la carga. ;Constantemente / En múltiples ocasiones;Frecuentemente ;No aplica/Prefiero no responder;;Barreras moderadas ;Sesgos claros/evidentes;Sí, participo activamente ;Vinculación muy alta: Soy miembro y participo activamente (cargos de representación, grupos de trabajo o comisiones).;Sí;No;Sí;Sí;No;No;No;Acceso muy limitado: Formación escasa o difícil de localizar.;6-10 proyectos;6-10 proyectos ;Muy insuficiente ;Frecuentemente: He rechazado la mayoría de las ofertas.;Sí;No;No;Sí;No;No;Sí;No;Informes anuales de transparencia obligatorios;Muy alta: Sí, especialmente en roles de gestión o liderazgo;;;;Baja;Insuficiente;Parcialmente respetada;Creación de archivos digitales y bases de datos de acceso libre.;;Totalmente (Ha condicionado toda mi carrera);A veces;Pesimista;;Lo consultaré en la web oficial sectorialcomic.com;;119938;907;;2378;;41939;;;;;;;;;;;;4398;;;;8355;;;;;;;3616;;;;;3834;;;;3829;;;;4634;;;;;3743;;;9855;;;;8031;;;;1853;;;9292;;;;;;;;78;;;;;;;3736;;;;1738;;
93;14-02-2026 12:42;19;es;313545904;14-02-2026 12:35;14-02-2026 12:42;Sí, autorizo el uso anónimo. ;de 35 a 44;Mujer;;Enseñanza Universitaria de Segundo o Tercer Ciclo (Licenciatura, Máster Oficial, Doctorado, Especialidad médica);Nacionalidad española y residencia en España.;;Madrid;;;Instituciones y Gestión Cultural (Bibliotecas, museos, administración pública, eventos);;Divulgadora / Crítica;;Otro;Bibliotecaria;Freelance / Por proyectos puntuales;2-5 años;Neutral / Equilibrada;Ha mejorado ligeramente;3-5 espacios;Raramente (menos del 30%);Nunca;;Inviable: Mis ingresos dependo totalmente de otros trabajos o apoyos.;Menos de 5.000 €;0 - 20%;Poco proporcional ;Raramente (menos de una vez al año) ;Influye bastante;Preocupación alta;Ocasionalmente: (Sucede a veces, pero no es la tónica general).;Acceso funcional: Los mecanismos son conocidos y habitualmente accesibles cuando se necesitan.;Inexistentes: No existen políticas de este tipo. ;Limita moderadamente ;No ;No aplica;Frecuentemente ;Ocasionalmente ;Comunicación informalmente (compañeros, redes sociales, entorno directo) ;Respuesta muy inadecuada;Barreras moderadas ;Sesgos claros/evidentes;Sí, pero no participo en ella ;Vinculación alta: Soy miembro y participo de forma puntual en actividades o asambleas. ;Sí;No;Sí;No;Sí;No;No;Acceso funcional: Accedo a formación útil de forma habitual.;3-5 proyectos;6-10 proyectos ;Insuficiente ;Nunca: He aceptado todas las ofertas recibidas.;Sí;Sí;No;No;No;Sí;No;No;Sanciones económicas por incumplimiento;Moderada: Sí, pero con reservas por mi tiempo disponible.;;;;Nula;Muy Insuficiente;Parcialmente respetada;Programación de mesas redondas y presencia en festivales.;;Moderadamente;Nunca;Muy Pesimista (Lo veo imposible);;Lo consultaré en la web oficial sectorialcomic.com;;43609;437;;83;;8282;;;;;;;;;;;;2109;;;;3405;;;;;;;2181;;;;;224;;;;2261;;;;2668;;;;;1145;;;3575;;;;2916;;;;895;;;3807;;;;;;;;3713;;;;;;;2176;;;;969;;
94;14-02-2026 12:46;19;es;655187916;14-02-2026 12:38;14-02-2026 12:46;Sí, autorizo el uso anónimo. ;de 35 a 44;Mujer;;Enseñanza Universitaria de Segundo o Tercer Ciclo (Licenciatura, Máster Oficial, Doctorado, Especialidad médica);Nacionalidad española y residencia en España.;;Burgos;;;Industria Editorial y Publicación (Trabajo para editoriales, prensa o medios).;;Traductora;;Ninguno;;Freelance / Por proyectos puntuales;6-10 años;Neutral / Equilibrada;Se ha mantenido igual;Ninguno;Frecuentemente (61-99%);Nunca;;Inviable: Mis ingresos dependo totalmente de otros trabajos o apoyos.;Menos de 5.000 €;0 - 20%;Poco proporcional ;Nunca;Influye totalmente;Preocupación alta;Frecuentemente: (Es una situación habitual o recurrente).;Acceso muy limitado: Solo en casos extremos o sin remuneración. ;Inexistentes: No existen políticas de este tipo. ;Limita bastante ;No ;No aplica;Raramente ;Nunca ;;;No percibo barreras ;Sesgos moderados ;No sé;Vinculación muy baja: Conozco su existencia, pero no soy miembro ni participo. ;No;No;Sí;No;Sí;No;Sí;Acceso fácil y regular: Tengo acceso sencillo a recursos formativos de alta calidad.;3-5 proyectos;3-5 proyectos ;Muy insuficiente ;Nunca: He aceptado todas las ofertas recibidas.;Sí;No;No;No;Sí;Sí;No;No;Combinación de varios mecanismos;Alta: Sí, deseo participar de forma activa.;Baja;Raramente;Bastante;;;;;;Poco;Nunca;Pesimista;;Otro;lsanmamesmata@gmail.com;47338;795;;518;;8725;;;;;;;;;;;;298;;;;4101;;;;;;;2862;;;;;2403;;;;2058;;;;1397;;;;;2595;;;3034;;;;2531;;;;1243;;;4711;;;;3964;;;;;;;;;;;2457;;;;964;;
95;14-02-2026 13:14;19;es;846855989;14-02-2026 13:02;14-02-2026 13:14;Sí, autorizo el uso anónimo. ;de 45 a 54;Mujer;;Enseñanza Universitaria de Segundo o Tercer Ciclo (Licenciatura, Máster Oficial, Doctorado, Especialidad médica);Nacionalidad española y residencia en España.;;Madrid;;;Industria Editorial y Publicación (Trabajo para editoriales, prensa o medios).;;Otro;Correctora;Ninguno;;Autónoma con clientes habituales;2-5 años;Muy desfavorable;Ha empeorado ligeramente;1-2 espacios;Siempre (100% de mis trabajos);Frecuentemente;Tarifas muy bajas, sin actualizar y sin posibilidad de negociar.;Inviable: Mis ingresos dependo totalmente de otros trabajos o apoyos.;Menos de 5.000 €;0 - 20%;Nada proporcional ;Ocasionalmente (1-3 veces al año) ;Influye totalmente;Preocupación alta;Frecuentemente: (Es una situación habitual o recurrente).;Sin acceso: No dispongo de mecanismo de apoyo. ;Inexistentes: No existen políticas de este tipo. ;Limita muy poco ;Sí, siempre ;Mayoritariamente: Yo asumo la mayor parte de la carga. ;Frecuentemente ;Ocasionalmente ;Comunicación informalmente (compañeros, redes sociales, entorno directo) ;Respuesta insuficiente;Barreras moderadas ;Sesgos claros/evidentes;No existen redes;Vinculación alta: Soy miembro y participo de forma puntual en actividades o asambleas. ;No;No;Sí;No;Sí;No;Sí;Sin acceso: No encuentro formación sobre estos temas.;6-10 proyectos;6-10 proyectos ;Muy insuficiente ;Nunca: He aceptado todas las ofertas recibidas.;Sí;No;No;Sí;No;No;No;Sí;Sanciones económicas por incumplimiento;Moderada: Sí, pero con reservas por mi tiempo disponible.;;;;;;;;;Bastante;A veces;Incertidumbre / Neutro;"Mencionad a las correctoras de cómic; enumeradlas y destacadlas en los textos e informes, que no formemos parte de «otros» o de los puntos suspensivos. Dadnos visibilidad y exigid que los textos sean revisados por correctoras profesionales especializadas.";Lo consultaré en la web oficial sectorialcomic.com;;71134;1325;;151;;8539;;;;;;;;;;;;2584;;;;8544;;;;;;;4468;;;;;2349;;;;33;;;;39;;;;;2094;;;524;;;;296;;;;1046;;;9286;;;;;;;;;;;;;;;2642;;;;11347;;
96;14-02-2026 13:33;19;es;1587876452;14-02-2026 13:24;14-02-2026 13:33;Sí, autorizo el uso anónimo. ;de 25 a 34;Mujer;;Formación Profesional de Grado Superior (Ciclos Formativos de Grado Superior, FP II, Maestría Industrial);Nacionalidad española y residencia en España.;;Granada;;;Industria Editorial y Publicación (Trabajo para editoriales, prensa o medios).;;Dibujante / Ilustradora;;Rotulista;;Sin actividad remunerada en el sector;Menos de 2 años;Neutral / Equilibrada;Ha mejorado ligeramente;Ninguno;Nunca;Nunca;;Inviable: Mis ingresos dependo totalmente de otros trabajos o apoyos.;Menos de 5.000 €;81 - 100%;Nada proporcional ;Nunca;Influye totalmente;Preocupación alta;Frecuentemente: (Es una situación habitual o recurrente).;Sin acceso: No dispongo de mecanismo de apoyo. ;Inexistentes: No existen políticas de este tipo. ;Limita bastante ;No ;No aplica;Ocasionalmente ;Nunca ;;;No percibo barreras ;Sesgos moderados ;No sé;Ninguna vinculación: No formo parte de ninguna estructura asociativa. ;Sí;No;No;Sí;No;Sí;No;No he buscado formación ;3-5 proyectos;1-2 proyectos ;Insuficiente ;Rara vez: He rechazado menos de una cuarta parte de las ofertas.;Sí;No;No;No;Sí;No;Sí;No;Sanciones económicas por incumplimiento;Moderada: Sí, pero con reservas por mi tiempo disponible.;Nula (Acepto condiciones impuestas);Frecuentemente;Bastante;;;;;;Poco;Frecuentemente;Incertidumbre / Neutro;;Otro;maiteperearuiz@gmail.com;53066;1358;;1321;;9348;;;;;;;;;;;;2498;;;;4817;;;;;;;3205;;;;;3303;;;;2941;;;;1428;;;;;1867;;;3516;;;;2604;;;;2002;;;5187;;;;3798;;;;;;;;;;;2525;;;;1348;;
101;14-02-2026 15:03;19;es;1810793038;14-02-2026 14:18;14-02-2026 15:03;Sí, autorizo el uso anónimo. ;de 25 a 34;Mujer;;Enseñanza Universitaria de Segundo o Tercer Ciclo (Licenciatura, Máster Oficial, Doctorado, Especialidad médica);Nacionalidad española y residencia en España.;;Madrid;;;Creación y Producción Artística (Estudio propio, taller, autoedición).;;Colorista;;Colorista;;Freelance / Por proyectos puntuales;2-5 años;Neutral / Equilibrada;Ha mejorado ligeramente;6-10 espacios;Frecuentemente (61-99%);Frecuentemente;En una famosa editorial española (de las grandes) no hubo contrato para mí. Me dijeron que como aparecí después no podían modificar el contrato y añadirme, mientras se sabe que si ambas partes del contrato están de acuerdo se puede cambiar... Ni mis compañeros ni la editorial quisieron añadirme. ;Inviable: Mis ingresos dependo totalmente de otros trabajos o apoyos.;Menos de 5.000 €;0 - 20%;Nada proporcional ;Nunca;Influye totalmente;Preocupación muy alta/ crítica;Constantemente / Siempre: (Representa un estado crónico o diario);No sé / No aplica a mi situación;No sé/No aplica a mi situación;Limita bastante ;No ;No aplica;Ocasionalmente ;Nunca ;;;Barreras mínimas ;No hay sesgos ;Sí, pero no participo en ella ;Vinculación alta: Soy miembro y participo de forma puntual en actividades o asambleas. ;Sí;Sí;No;Sí;No;No;No;Acceso parcial: Encuentro información, pero es incompleta o poco clara.;6-10 proyectos;3-5 proyectos ;Insuficiente ;Rara vez: He rechazado menos de una cuarta parte de las ofertas.;Sí;No;No;No;Sí;No;Sí;No;No sé;Moderada: Sí, pero con reservas por mi tiempo disponible.;Nula (Acepto condiciones impuestas);Frecuentemente;Bastante;;;;;;En ninguna medida (Ningún impacto);Constantemente (Es una idea diaria/muy recurrente);Incertidumbre / Neutro;Respecto a los proyectos que puedo ofrecer y me ofrecen, al ser colorista, siempre ha sido que me ofrezcan proyectos. Como nota, he trabajado para el mercado americano y noto diferencias en royalties, aparición en portada y el tema de contratos. Comento esto como colorista, no tanto como mujer.;Otro;debvillahoz@gmail.com;270321;98;;1075;;8493;;;;;;;;;;;;11291;;;;4651;;;;;;;8535;;;;;19115;;;;3665;;;;27574;;;;;7526;;;16494;;;;18023;;;;4961;;;29967;;;;27219;;;;;;;;;;;8054;;;;30839;;
102;14-02-2026 15:18;19;es;8279024;14-02-2026 15:01;14-02-2026 15:18;Sí, autorizo el uso anónimo. ;de 25 a 34;Mujer;;Enseñanza Universitaria de Segundo o Tercer Ciclo (Licenciatura, Máster Oficial, Doctorado, Especialidad médica);Nacionalidad española y residencia en España.;;Alicante;;;Creación y Producción Artística (Estudio propio, taller, autoedición).;;Dibujante / Ilustradora;;Autora integral;;Autónoma con clientes habituales;2-5 años;Neutral / Equilibrada;Ha mejorado ligeramente;Más de 10 espacios;Frecuentemente (61-99%);Frecuentemente;Demanda de producción de material superior a lo acordado inicialmente sin un augmento del pago. Falta de profesionalidad por parte de los clientes por lo que respecta a número de correcciones y revisiones, respeto por el critério de la artista, etc.;Muy precaria: El cómic es una actividad secundaria, necesito otros trabajos constantes para subsistir.;Entre 5.001 € y el Salario Mínimo Interprofesional (aprox. 15.876 €);0 - 20%;Nada proporcional ;Constantemente/siempre ;Influye totalmente;Preocupación alta;Frecuentemente: (Es una situación habitual o recurrente).;Acceso muy limitado: Solo en casos extremos o sin remuneración. ;Inexistentes: No existen políticas de este tipo. ;Limita totalmente ;Sí, regularmente ;Completamente: Recae exclusivamente en mí. ;Constantemente / En múltiples ocasiones;Ocasionalmente ;Comunicación informalmente (compañeros, redes sociales, entorno directo) ;No recibí respuesta;Barreras significativas ;Sesgos muy acentuados y sistemáticos;No existen redes;Vinculación muy baja: Conozco su existencia, pero no soy miembro ni participo. ;Sí;No;No;No;Sí;No;Sí;Acceso parcial: Encuentro información, pero es incompleta o poco clara.;Más de 10 proyectos;6-10 proyectos ;Insuficiente ;Rara vez: He rechazado menos de una cuarta parte de las ofertas.;Sí;No;No;Sí;Sí;No;No;No;Combinación de varios mecanismos;Muy alta: Sí, especialmente en roles de gestión o liderazgo;Alta;A veces;Parcialmente;;;;;;Totalmente (Ha condicionado toda mi carrera);Frecuentemente;Pesimista;La participación obligatoria de mujeres (cuotas) dentro de concursos, becas, ponencias, etc me parece un sistema poco propicio a conseguir cambios relevantes. Me disgusta cuando alguien me contacta para dar una charla simplemente para cubrir la cuota de mujeres, o no tendría sentido realizar unos premios sólo entre mujeres. El cambio debe ser más estructural y generalizado, se puede llegar a los mismos sitios por la propia valía de nuestro trabajo si se nos presta la atención adecuada. Hay por ejemplo un gran olvido por parte de los medios de counicación, y ese olvido termina condonándonos a la desaparición, porque si no se nos ve ni se nos escucha, no existimos. Habría que potenciar la valía de nuestro trabajo por nuestro de punto de vista personal, sin que sea el epicentro de todo que somos mujeres, porque hay mucho más. Prefiero que se me escuche como mujer, pero no solo por ello, sino por mujer, de clase trabajadora, con empatía hacia el mundo que me rodea y sus problemas, desde la perspectiva de clase, género, etc.  ;Otro;helpergo@gmail.com;101248;4887;;1613;;6985;;;;;;;;;;;;2742;;;;12421;;;;;;;3089;;;;;3784;;;;2949;;;;3628;;;;;219;;;5026;;;;2712;;;;1677;;;9422;;;;4469;;;;;;;;;;;2927;;;;30727;;
105;14-02-2026 17:11;19;es;1218435600;14-02-2026 17:01;14-02-2026 17:11;Sí, autorizo el uso anónimo. ;de 45 a 54;Mujer;;Enseñanza Universitaria de Segundo o Tercer Ciclo (Licenciatura, Máster Oficial, Doctorado, Especialidad médica);Nacionalidad española y residencia en España.;;Barcelona;;;Docencia e Investigación (Universidades, escuelas de arte, talleres).;;Divulgadora / Crítica;;Promotora / Comisaria o gestora cultural;;Autónoma con clientes habituales;6-10 años;Neutral / Equilibrada;Ha mejorado significativamente;6-10 espacios;Frecuentemente (61-99%);Raramente;Trabajar sin honorarios definidos;Inestable: Reparto mi tiempo entre el cómic y otras actividades para alcanzar el ingreso mínimo.;Entre 5.001 € y el Salario Mínimo Interprofesional (aprox. 15.876 €);0 - 20%;Nada proporcional ;Ocasionalmente (1-3 veces al año) ;Influye moderadamente;Preocupación moderada;Ocasionalmente: (Sucede a veces, pero no es la tónica general).;Sin acceso: No dispongo de mecanismo de apoyo. ;Insuficientes: Ofrecen un apoyo básico y se aplican, pero es muy limitado para las necesidades del sector ;Limita bastante ;Sí, siempre ;Mayoritariamente: Yo asumo la mayor parte de la carga. ;Frecuentemente ;Nunca ;;;Barreras mínimas ;Sesgos muy leves ;No sé;Vinculación moderada: Soy miembro, pero mi participación es nula o muy escasa. ;No;Sí;No;No;Sí;Sí;No;Acceso parcial: Encuentro información, pero es incompleta o poco clara.;3-5 proyectos;6-10 proyectos ;Parcialmente suficiente ;Ocasionalmente: He rechazado aproximadamente la mitad de las ofertas.;Sí;Sí;No;No;No;Sí;No;No;Certificaciones de igualdad;Baja: Quizás, dependiendo del tipo de iniciativa.;;;;Alta;Suficiente;Muy respetada;Exposiciones retrospectivas en museos y centros de arte.;;Moderadamente;Raramente;Optimista;;Lo consultaré en la web oficial sectorialcomic.com;;57707;79;;671;;9609;;;;;;;;;;;;2817;;;;7703;;;;;;;3169;;;;;3454;;;;2418;;;;2782;;;;;1662;;;361;;;;3279;;;;136;;;5227;;;;;;;;5527;;;;;;;2288;;;;1341;;
106;14-02-2026 17:30;19;es;1733992270;14-02-2026 17:20;14-02-2026 17:30;Sí, autorizo el uso anónimo. ;de 35 a 44;Mujer;;Enseñanza Universitaria de Segundo o Tercer Ciclo (Licenciatura, Máster Oficial, Doctorado, Especialidad médica);Nacionalidad española y residencia en España.;;Barcelona;;;Industria Editorial y Publicación (Trabajo para editoriales, prensa o medios).;;Dibujante / Ilustradora;;Diseñadora gráfica;;Autónoma con clientes habituales;2-5 años;Desfavorable;Ha mejorado ligeramente;1-2 espacios;Nunca;Frecuentemente;Plazos irreales. Tarifas ridículas;Muy precaria: El cómic es una actividad secundaria, necesito otros trabajos constantes para subsistir.;Menos de 5.000 €;0 - 20%;Mayormente proporcional ;Constantemente/siempre ;Influye bastante;Preocupación alta;Frecuentemente: (Es una situación habitual o recurrente).;Acceso parcial: Existen algunos mecanismos, pero son difíciles de activar o poco claros. ;Insuficientes: Ofrecen un apoyo básico y se aplican, pero es muy limitado para las necesidades del sector ;Limita bastante ;Sí, frecuentemente;Mayoritariamente: Yo asumo la mayor parte de la carga. ;Constantemente / En múltiples ocasiones;Frecuentemente ;Denuncié formalmente (recursos humanos, instituciones, vía legal) ;Respuesta insuficiente;Barreras moderadas ;Sesgos muy acentuados y sistemáticos;Sí, pero participo poco ;Vinculación moderada: Soy miembro, pero mi participación es nula o muy escasa. ;Sí;Sí;No;No;Sí;No;No;Acceso parcial: Encuentro información, pero es incompleta o poco clara.;Más de 10 proyectos;Más de 10 proyectos ;Parcialmente suficiente ;Nunca: He aceptado todas las ofertas recibidas.;Sí;No;Sí;No;Sí;No;No;No;Sanciones económicas por incumplimiento;Moderada: Sí, pero con reservas por mi tiempo disponible.;Baja;Frecuentemente;Parcialmente;;;;;;Bastante;A veces;Incertidumbre / Neutro;;Lo consultaré en la web oficial sectorialcomic.com;;55236;399;;1557;;7694;;;;;;;;;;;;2822;;;;6871;;;;;;;4935;;;;;3709;;;;2046;;;;4722;;;;;157;;;4354;;;;2418;;;;1702;;;4192;;;;317;;;;;;;;;;;2167;;;;908;;
108;14-02-2026 18:45;19;es;343407621;14-02-2026 18:26;14-02-2026 18:45;Sí, autorizo el uso anónimo. ;de 18 a 24;Mujer;;Bachillerato (Bachillerato LOGSE/LOE, BUP, COU, PREU);Nacionalidad española y residencia en España.;;Badajoz;;;Creación y Producción Artística (Estudio propio, taller, autoedición).;;Dibujante / Ilustradora;;Guionista;;Sin actividad remunerada en el sector;2-5 años;Desfavorable;Ha mejorado ligeramente;1-2 espacios;Frecuentemente (61-99%);Ocasionalmente;Al no tener conocimientos sobre un precio mínimo que debe cobrar un artista en España, terminé haciendo un presupuesto insuficiente. ;Inviable: Mis ingresos dependo totalmente de otros trabajos o apoyos.;Menos de 5.000 €;0 - 20%;Parcialmente proporcional ;Nunca;Influye totalmente;Preocupación alta;Frecuentemente: (Es una situación habitual o recurrente).;No sé / No aplica a mi situación;No sé/No aplica a mi situación;Limita bastante ;No ;No aplica;Constantemente / En múltiples ocasiones;Nunca ;;;Barreras moderadas ;Sesgos moderados ;No sé;Vinculación moderada: Soy miembro, pero mi participación es nula o muy escasa. ;Sí;No;No;No;Sí;Sí;No;Acceso fácil y regular: Tengo acceso sencillo a recursos formativos de alta calidad.;1-2 proyectos;1-2 proyectos ;Muy insuficiente ;Rara vez: He rechazado menos de una cuarta parte de las ofertas.;Sí;No;Sí;No;No;No;No;Sí;Informes anuales de transparencia obligatorios;Alta: Sí, deseo participar de forma activa.;Media;Raramente;Parcialmente;;;;;;Poco;Nunca;Incertidumbre / Neutro;;Lo consultaré en la web oficial sectorialcomic.com;;113015;4109;;2552;;11178;;;;;;;;;;;;7354;;;;1207;;;;;;;5344;;;;;3921;;;;5038;;;;11802;;;;;4483;;;9296;;;;4142;;;;2088;;;18874;;;;5123;;;;;;;;;;;3368;;;;2273;;
109;14-02-2026 19:02;19;es;258245625;14-02-2026 18:47;14-02-2026 19:02;Sí, autorizo el uso anónimo. ;de 35 a 44;Mujer;;Enseñanza Universitaria de Primer Ciclo o Grado (Diplomatura, Grado Universitario, Ingeniería/Arquitectura Técnica);Nacionalidad española y residencia en España.;;Málaga;;;Creación y Producción Artística (Estudio propio, taller, autoedición).;;Guionista;;Dibujante / Ilustradora;;Freelance / Por proyectos puntuales;Más de 15 años;Muy desfavorable;Se ha mantenido igual;1-2 espacios;Ocasionalmente (31- 60%);Ocasionalmente;;Inviable: Mis ingresos dependo totalmente de otros trabajos o apoyos.;Menos de 5.000 €;0 - 20%;Nada proporcional ;Ocasionalmente (1-3 veces al año) ;Influye bastante;Preocupación alta;Constantemente / Siempre: (Representa un estado crónico o diario);Sin acceso: No dispongo de mecanismo de apoyo. ;Inexistentes: No existen políticas de este tipo. ;Limita bastante ;No ;No aplica;Ocasionalmente ;Ocasionalmente ;No denuncié por temor a represalias o medio a consecuencias;;Barreras significativas ;Sesgos muy acentuados y sistemáticos;Sí, pero no participo en ella ;Vinculación alta: Soy miembro y participo de forma puntual en actividades o asambleas. ;Sí;Sí;No;Sí;No;No;No;Acceso funcional: Accedo a formación útil de forma habitual.;Ninguno;1-2 proyectos ;Muy insuficiente ;Rara vez: He rechazado menos de una cuarta parte de las ofertas.;No;No;No;No;No;Sí;Sí;Sí;Sanciones económicas por incumplimiento;Moderada: Sí, pero con reservas por mi tiempo disponible.;Nula (Acepto condiciones impuestas);Nunca;Poco;;;;;;Bastante;Frecuentemente;Muy Pesimista (Lo veo imposible);;Lo consultaré en la web oficial sectorialcomic.com;;86991;2031;;3167;;16514;;;;;;;;;;;;728;;;;5884;;;;;;;7211;;;;;4217;;;;2521;;;;3403;;;;;1979;;;6074;;;;4133;;;;1923;;;11139;;;;3742;;;;;;;;;;;4342;;;;1431;;
112;14-02-2026 21:06;19;es;315970954;14-02-2026 19:49;14-02-2026 21:06;Sí, autorizo el uso anónimo. ;de 65 a 74;Mujer;;Enseñanza Universitaria de Segundo o Tercer Ciclo (Licenciatura, Máster Oficial, Doctorado, Especialidad médica);Otro;galega que vive na galiza e ao mesmo tempo son de todos os lugares;;;;Otro;editora de banda desenhada e doutros temas, activista cultural;Otro;tradutora editora promotora divulgadora;Otro;activista cultural;Sin actividad remunerada en el sector;6-10 años;Favorable;Ha mejorado significativamente;3-5 espacios;Ocasionalmente (31- 60%);Nunca;;Inviable: Mis ingresos dependo totalmente de otros trabajos o apoyos.;Menos de 5.000 €;0 - 20%;Nada proporcional ;Nunca;Influye muy poco;Preocupación moderada;Ocasionalmente: (Sucede a veces, pero no es la tónica general).;No sé / No aplica a mi situación;No sé/No aplica a mi situación;Limita moderadamente ;No ;No aplica;Raramente ;Ocasionalmente ;No aplica/Prefiero no responder;;Barreras insuperables;Sesgos muy leves ;No sé;Vinculación moderada: Soy miembro, pero mi participación es nula o muy escasa. ;No;No;Sí;No;Sí;No;Sí;No he buscado formación ;Ninguno;Ninguno ;Parcialmente suficiente ;Nunca: He aceptado todas las ofertas recibidas.;Sí;No;No;No;No;Sí;No;Sí;No sé;Baja: Quizás, dependiendo del tipo de iniciativa.;;;;;;;;;Bastante;Raramente;Incertidumbre / Neutro;creo que as miñas respostas non son as máis adecuadas pois non son propiamente do sector, edito, traduzo, difundo banda desenhada, pode que o tema das editoras é grave pois non gozamos de moi boa prensa e agora todos ou moitos queren autoeditarse ou estar nunha multinacional ou nunha gran editorial, cantidade fronte a calidade e non estou dacordo con iso;Otro;rosaperpetua.rosa@gmail.com;451377;1308;;2631;;341903;;;;;;;;;;;;5753;;;;7269;;;;;;;4868;;;;;5454;;;;3623;;;;8133;;;;;4758;;;12463;;;;4052;;;;5479;;;6963;;;;;;;;;;;;;;;5079;;;;31641;;
117;14-02-2026 23:15;19;es;2055881537;14-02-2026 22:48;14-02-2026 23:15;Sí, autorizo el uso anónimo. ;de 18 a 24;Persona no binaria;;Enseñanza Universitaria de Primer Ciclo o Grado (Diplomatura, Grado Universitario, Ingeniería/Arquitectura Técnica);Nacionalidad española y residencia en España.;;Madrid;;;Creación y Producción Artística (Estudio propio, taller, autoedición).;;Dibujante / Ilustradora;;Diseñadora gráfica;;Freelance / Por proyectos puntuales;6-10 años;Desfavorable;Ha mejorado ligeramente;1-2 espacios;Frecuentemente (61-99%);Frecuentemente;No recuerdo exactamente. Las relacionadas con los derechos de autor.;Muy precaria: El cómic es una actividad secundaria, necesito otros trabajos constantes para subsistir.;Menos de 5.000 €;21 - 40%;Parcialmente proporcional ;Nunca;Influye bastante;Preocupación alta;Frecuentemente: (Es una situación habitual o recurrente).;No sé / No aplica a mi situación;Efectivas: Son medidas funcionales que ofrecen un apoyo real y preventivo ;Limita moderadamente ;Sí, regularmente ;Compartida: El reparto es equitativo ;Frecuentemente ;Ocasionalmente ;Comunicación informalmente (compañeros, redes sociales, entorno directo) ;No aplica/Prefiero no responder;Barreras significativas ;Sesgos claros/evidentes;Sí, pero no participo en ella ;Vinculación muy baja: Conozco su existencia, pero no soy miembro ni participo. ;Sí;No;Sí;No;Sí;No;No;No he buscado formación ;1-2 proyectos;1-2 proyectos ;Insuficiente ;Nunca: He aceptado todas las ofertas recibidas.;Sí;No;No;No;Sí;Sí;No;No;Combinación de varios mecanismos;Moderada: Sí, pero con reservas por mi tiempo disponible.;Media;A veces;Poco;;;;;;Bastante;A veces;Pesimista;Me gustaría también aportar las dificultades añadidas en la actualidad con el uso de la IA generativa y la poca legislación y apoyo oficial con el que contamos  en el sector, a mí ya me ha afectado directamente el prescindir de los artistas por la IA.;Otro;lary.marchal@gmail.com;16615;1885;;159;;34408;;;;;;;;;;;;4352;;;;22947;;;;;;;3371;;;;;5368;;;;19922;;;;5023;;;;;2114;;;9771;;;;4896;;;;7658;;;16486;;;;5566;;;;;;;;;;;2982;;;;17811;;
118;14-02-2026 23:24;19;es;25160978;14-02-2026 23:02;14-02-2026 23:24;Sí, autorizo el uso anónimo. ;de 35 a 44;Mujer;;Enseñanza Universitaria de Segundo o Tercer Ciclo (Licenciatura, Máster Oficial, Doctorado, Especialidad médica);Nacionalidad española y residencia en España.;;Gerona;;;Creación y Producción Artística (Estudio propio, taller, autoedición).;;Dibujante / Ilustradora;;Autora integral;;Autónoma con clientes habituales;Más de 15 años;Desfavorable;Se ha mantenido igual;3-5 espacios;Ocasionalmente (31- 60%);Muy frecuentemente;proyectos que cambian la cantidad de ilustraciones de un día para otro y mantienen el mismo presupuesto. Obligatoriedad de ir a sitios para hacer promoción, sin remuneración.;Inestable: Reparto mi tiempo entre el cómic y otras actividades para alcanzar el ingreso mínimo.;Menos de 5.000 €;21 - 40%;Nada proporcional ;Constantemente/siempre ;Influye bastante;Preocupación moderada;Constantemente / Siempre: (Representa un estado crónico o diario);Acceso parcial: Existen algunos mecanismos, pero son difíciles de activar o poco claros. ;Inexistentes: No existen políticas de este tipo. ;Limita totalmente ;Sí, siempre ;Mayoritariamente: Yo asumo la mayor parte de la carga. ;Constantemente / En múltiples ocasiones;Ocasionalmente ;Comunicación informalmente (compañeros, redes sociales, entorno directo) ;No aplica/Prefiero no responder;Barreras moderadas ;Sesgos claros/evidentes;No sé;Vinculación muy baja: Conozco su existencia, pero no soy miembro ni participo. ;No;Sí;No;No;Sí;Sí;No;Acceso funcional: Accedo a formación útil de forma habitual.;3-5 proyectos;1-2 proyectos ;Insuficiente ;Frecuentemente: He rechazado la mayoría de las ofertas.;Sí;Sí;No;Sí;No;No;No;No;Combinación de varios mecanismos;Baja: Quizás, dependiendo del tipo de iniciativa.;Media;Frecuentemente;Parcialmente;;;;;;Bastante;Frecuentemente;Incertidumbre / Neutro;"Las cuotas no sirven para nada, si no cambia la actitud de la gente. Una vez me contactaron para un proyecto que querían que hiciera una mujer. En ese momento acababa de entrar en baja de maternidad y les dije que vale, pero que tendrían que esperar un par de meses. La respuesta del hombre que me contactó (que es alguien importante en el sector editorial) fue ""la baja de maternidad es una gran oportunidad para trabajar"".  Yo podría haber entendido que me dijera que tenían prisa y no podían esperar este tiempo, pero su respuesta fue insultante. Fueron a buscar una mujer para llenarse la boca con igualdad, pero me rechazaron porque estaba haciendo cosas de mujer...";Otro;emmapumarola@gmail.com;133499;374;;479;;11829;;;;;;;;;;;;9311;;;;19908;;;;;;;3878;;;;;5421;;;;3163;;;;7695;;;;;3167;;;8189;;;;65;;;;2289;;;8789;;;;7219;;;;;;;;;;;2793;;;;32495;;
120;15-02-2026 1:25;19;es;977728843;15-02-2026 1:14;15-02-2026 1:25;Sí, autorizo el uso anónimo. ;de 25 a 34;Mujer;;Enseñanza Universitaria de Segundo o Tercer Ciclo (Licenciatura, Máster Oficial, Doctorado, Especialidad médica);Nacionalidad española y residencia en España.;;Madrid;;;Creación y Producción Artística (Estudio propio, taller, autoedición).;;Autora integral;;Autora integral;;Sin actividad remunerada en el sector;2-5 años;Neutral / Equilibrada;Ha mejorado ligeramente;1-2 espacios;Frecuentemente (61-99%);Nunca;;Inviable: Mis ingresos dependo totalmente de otros trabajos o apoyos.;Menos de 5.000 €;0 - 20%;Nada proporcional ;Ocasionalmente (1-3 veces al año) ;Influye bastante;Preocupación alta;Frecuentemente: (Es una situación habitual o recurrente).;Sin acceso: No dispongo de mecanismo de apoyo. ;Inexistentes: No existen políticas de este tipo. ;Limita bastante ;No ;No aplica;Frecuentemente ;Nunca ;;;Barreras significativas ;Sesgos claros/evidentes;No sé;Vinculación muy baja: Conozco su existencia, pero no soy miembro ni participo. ;Sí;Sí;No;No;No;No;Sí;Acceso funcional: Accedo a formación útil de forma habitual.;Ninguno;1-2 proyectos ;Muy insuficiente ;Ocasionalmente: He rechazado aproximadamente la mitad de las ofertas.;No;Sí;Sí;No;No;No;Sí;No;Comisiones de seguimiento sectoriales;Muy alta: Sí, especialmente en roles de gestión o liderazgo;Nula (Acepto condiciones impuestas);Raramente;Poco;;;;;;Moderadamente;A veces;Muy Pesimista (Lo veo imposible);;Lo consultaré en la web oficial sectorialcomic.com;;66878;1428;;1146;;25601;;;;;;;;;;;;2517;;;;3357;;;;;;;4419;;;;;2178;;;;2314;;;;2039;;;;;1388;;;3914;;;;2386;;;;1307;;;5419;;;;3475;;;;;;;;;;;2473;;;;1517;;
121;15-02-2026 9:24;19;es;998322652;15-02-2026 8:54;15-02-2026 9:24;Sí, autorizo el uso anónimo. ;de 45 a 54;Mujer;;Formación Profesional de Grado Medio (Ciclos Formativos de Grado Medio, FP I, Oficialía Industrial);Nacionalidad española y residencia en España.;;Badajoz;;;Industria Editorial y Publicación (Trabajo para editoriales, prensa o medios).;;Guionista;;Ninguno;;Sin actividad remunerada en el sector;6-10 años;Muy desfavorable;Ha mejorado ligeramente;3-5 espacios;Frecuentemente (61-99%);Nunca;;Inviable: Mis ingresos dependo totalmente de otros trabajos o apoyos.;Menos de 5.000 €;0 - 20%;Nada proporcional ;Nunca;No influye en absoluto;Ninguna preocupación;Nunca: (Representa la ausencia total de estos síntomas).;Acceso funcional: Los mecanismos son conocidos y habitualmente accesibles cuando se necesitan.;Muy efectivas: Son proactivas y garantizan un alto nivel de bienestar. ;No limita en absoluto ;Sí, regularmente ;Mayoritariamente: Yo asumo la mayor parte de la carga. ;Ocasionalmente ;Ocasionalmente ;Comunicación informalmente (compañeros, redes sociales, entorno directo) ;No recibí respuesta;Barreras moderadas ;Sesgos claros/evidentes;Sí, pero no participo en ella ;Vinculación alta: Soy miembro y participo de forma puntual en actividades o asambleas. ;Sí;Sí;No;Sí;No;No;No;Acceso parcial: Encuentro información, pero es incompleta o poco clara.;1-2 proyectos;3-5 proyectos ;Muy insuficiente ;Nunca: He aceptado todas las ofertas recibidas.;No;Sí;Sí;No;Sí;No;No;No;Informes anuales de transparencia obligatorios;Alta: Sí, deseo participar de forma activa.;Nula (Acepto condiciones impuestas);Raramente;Bastante;;;;;;En ninguna medida (Ningún impacto);Nunca;Optimista;Mi trabajo actualmente es en una tienda de deportes. Escribir guiones para mi es algo motivador, al igual que hacer canciones. Soy autónoma como artista pero de momento no he tenido ganancias, me refiero remuneraciones económicas. Si es cierto que me ha hecho mucha ilusión presenta mis cómic y que la gente los lea. Para mí es algo precioso, pero aún me queda mucho que aprender. Me gustaría que las Editoriales abrieran sus puertas a proyectos nuevos, hoy en dia es muy difícil encontrar eso. ;Otro;imaginandouncolor@gmail.com;178829;1423;;2435;;20967;;;;;;;;;;;;5079;;;;8307;;;;;;;6312;;;;;17176;;;;5646;;;;19346;;;;;4422;;;11595;;;;6962;;;;2711;;;13967;;;;767;;;;;;;;;;;6184;;;;38627;;
124;15-02-2026 11:16;19;es;272629434;15-02-2026 10:56;15-02-2026 11:16;Sí, autorizo el uso anónimo. ;de 35 a 44;Mujer;;Enseñanza Universitaria de Segundo o Tercer Ciclo (Licenciatura, Máster Oficial, Doctorado, Especialidad médica);Nacionalidad española y residencia en España.;;Islas Baleares;;;Industria Editorial y Publicación (Trabajo para editoriales, prensa o medios).;;Editora / Responsable editorial;;Editora / Responsable editorial;;Asalariada con contrato indefinido;6-10 años;Desfavorable;Ha mejorado ligeramente;3-5 espacios;Raramente (menos del 30%);Frecuentemente;Fraude ayudas al ministerio, robo de derechos, impago de royalties, desinformación de reimpresiones o nuevas ediciones, no realización de contratos, tarifas ínfimas ;Plenamente estable: Vivo exclusivamente y de forma estable de mi actividad profesional en el cómic.;Entre el SMI y 25.000 €;81 - 100%;Poco proporcional ;Raramente (menos de una vez al año) ;Influye totalmente;Preocupación muy alta/ crítica;Raramente: (Situaciones muy aisladas o excepcionales).;Acceso funcional: Los mecanismos son conocidos y habitualmente accesibles cuando se necesitan.;Muy efectivas: Son proactivas y garantizan un alto nivel de bienestar. ;Limita totalmente ;Sí, frecuentemente;Compartida: El reparto es equitativo ;Ocasionalmente ;Ocasionalmente ;Comunicación informalmente (compañeros, redes sociales, entorno directo) ;No recibí respuesta;Barreras moderadas ;Sesgos moderados ;Sí, pero no participo en ella ;Vinculación moderada: Soy miembro, pero mi participación es nula o muy escasa. ;Sí;Sí;No;No;No;No;Sí;Sin acceso: No encuentro formación sobre estos temas.;3-5 proyectos;3-5 proyectos ;Muy insuficiente ;Rara vez: He rechazado menos de una cuarta parte de las ofertas.;Sí;No;No;Sí;No;No;Sí;No;Auditorías externas independientes;Alta: Sí, deseo participar de forma activa.;;;;Media;Insuficiente;Muy respetada;Inclusión en currículos educativos y bibliotecas escolares.;;Totalmente (Ha condicionado toda mi carrera);Constantemente (Es una idea diaria/muy recurrente);Muy Pesimista (Lo veo imposible);;Otro;essedde@gmail.com;122694;1844;;1085;;10894;;;;;;;;;;;;3724;;;;17582;;;;;;;5998;;;;;5924;;;;5302;;;;7798;;;;;518;;;9346;;;;7302;;;;4064;;;16134;;;;;;;;11675;;;;;;;6803;;;;2039;;
125;15-02-2026 11:54;19;es;1407505713;15-02-2026 11:23;15-02-2026 11:54;Sí, autorizo el uso anónimo. ;de 25 a 34;Mujer;;Enseñanza Universitaria de Segundo o Tercer Ciclo (Licenciatura, Máster Oficial, Doctorado, Especialidad médica);Nacionalidad española y residencia en España.;;Sevilla;;;Industria Editorial y Publicación (Trabajo para editoriales, prensa o medios).;;Rotulista;;Divulgadora / Crítica;;Autónoma con clientes habituales;6-10 años;Desfavorable;Ha mejorado ligeramente;6-10 espacios;Raramente (menos del 30%);Raramente;Exigencia indiscriminada de plazos de entrega abusivos, cuestionar continuamente la profesionalidad de mi trabajo ante cada sugerencia que hacía, reticencia y negativa de pagar la facturación acordada, aprovecharse de mi nombre para limpiar la mala reputación de su empresa pero luego no valorar el trabajo realizado;Viable con apoyos: Vivo mayoritariamente del cómic, aunque realizo colaboraciones externas ocasionales.;Entre 5.001 € y el Salario Mínimo Interprofesional (aprox. 15.876 €);81 - 100%;Mayormente proporcional ;Ocasionalmente (1-3 veces al año) ;Influye bastante;Preocupación alta;Frecuentemente: (Es una situación habitual o recurrente).;Acceso funcional: Los mecanismos son conocidos y habitualmente accesibles cuando se necesitan.;No sé/No aplica a mi situación;Limita bastante ;Sí, siempre ;Mayoritariamente: Yo asumo la mayor parte de la carga. ;Raramente ;Nunca ;;;No percibo barreras ;Sesgos moderados ;Sí, pero participo poco ;Vinculación muy baja: Conozco su existencia, pero no soy miembro ni participo. ;No;Sí;No;Sí;Sí;No;No;Acceso parcial: Encuentro información, pero es incompleta o poco clara.;Más de 10 proyectos;Más de 10 proyectos ;Parcialmente suficiente ;Rara vez: He rechazado menos de una cuarta parte de las ofertas.;Sí;No;No;Sí;No;Sí;No;No;Combinación de varios mecanismos;Moderada: Sí, pero con reservas por mi tiempo disponible.;Media;A veces;Totalmente (Libertad absoluta);;;;;;Moderadamente;A veces;Incertidumbre / Neutro;El grado de satisfacción personal por los trabajos realizados a veces se ve empañado por la precaria situación económica y no compensa el tiempo invertido para llegar al nivel de profesionalidad. Se nos exige un estándar de calidad que a veces es imposible de alcanzar sin quitar tiempo personal o trabajar más de 8 horas al día. Trabajamos más noches y fines de semana de los que nos gustaría, para que luego solo se nos recuerde por algún pequeño error que se nos ha escapado por los plazos de entrega tan titánicos y ajustados con los que trabajamos;Otro;kisacullen@gmail.com;18497;1328;;1671;;1987;;;;;;;;;;;;7799;;;;47155;;;;;;;9172;;;;;7929;;;;4215;;;;3398;;;;;3225;;;15292;;;;9018;;;;317;;;12438;;;;7374;;;;;;;;;;;5011;;;;26905;;
126;15-02-2026 11:43;19;es;83654652;15-02-2026 11:36;15-02-2026 11:43;Sí, autorizo el uso anónimo. ;de 45 a 54;Mujer;;Enseñanza Universitaria de Segundo o Tercer Ciclo (Licenciatura, Máster Oficial, Doctorado, Especialidad médica);Nacionalidad española y residencia en España.;;Barcelona;;;Docencia e Investigación (Universidades, escuelas de arte, talleres).;;Traductora;;Otro;Profesora;Freelance / Por proyectos puntuales;11-15 años;Neutral / Equilibrada;Ha mejorado ligeramente;3-5 espacios;Raramente (menos del 30%);Raramente;;Inestable: Reparto mi tiempo entre el cómic y otras actividades para alcanzar el ingreso mínimo.;Entre 5.001 € y el Salario Mínimo Interprofesional (aprox. 15.876 €);0 - 20%;Poco proporcional ;Raramente (menos de una vez al año) ;Influye bastante;Preocupación alta;Ocasionalmente: (Sucede a veces, pero no es la tónica general).;Acceso parcial: Existen algunos mecanismos, pero son difíciles de activar o poco claros. ;Ineficaces: Existen formalmente pero no sirven en la práctica. ;Limita moderadamente ;Sí, siempre ;Mayoritariamente: Yo asumo la mayor parte de la carga. ;Ocasionalmente ;Nunca ;;;Barreras mínimas ;Sesgos moderados ;Sí, pero no participo en ella ;Vinculación alta: Soy miembro y participo de forma puntual en actividades o asambleas. ;No;No;Sí;No;Sí;Sí;No;Acceso funcional: Accedo a formación útil de forma habitual.;3-5 proyectos;3-5 proyectos ;Insuficiente ;Rara vez: He rechazado menos de una cuarta parte de las ofertas.;Sí;Sí;No;No;No;Sí;No;No;Sanciones económicas por incumplimiento;Baja: Quizás, dependiendo del tipo de iniciativa.;Baja;Raramente;Poco;;;;;;Poco;Raramente;Incertidumbre / Neutro;;Lo consultaré en la web oficial sectorialcomic.com;;44697;419;;414;;7622;;;;;;;;;;;;175;;;;5424;;;;;;;2119;;;;;194;;;;1968;;;;1369;;;;;144;;;4587;;;;2624;;;;1112;;;7281;;;;1878;;;;;;;;;;;1658;;;;1092;;
130;15-02-2026 13:45;19;es;592504797;15-02-2026 13:08;15-02-2026 13:45;Sí, autorizo el uso anónimo. ;de 25 a 34;Mujer;;Formación Profesional de Grado Superior (Ciclos Formativos de Grado Superior, FP II, Maestría Industrial);Nacionalidad española y residencia en España.;;Madrid;;;Industria Editorial y Publicación (Trabajo para editoriales, prensa o medios).;;Maquetista;;Rotulista;;Autónoma con clientes habituales;11-15 años;Neutral / Equilibrada;Ha mejorado ligeramente;Ninguno;Ocasionalmente (31- 60%);Nunca;;Viable con apoyos: Vivo mayoritariamente del cómic, aunque realizo colaboraciones externas ocasionales.;Entre 25.001 € y 40.000 €;81 - 100%;Mayormente proporcional ;Nunca;Influye moderadamente;Preocupación baja;Ocasionalmente: (Sucede a veces, pero no es la tónica general).;Acceso parcial: Existen algunos mecanismos, pero son difíciles de activar o poco claros. ;Insuficientes: Ofrecen un apoyo básico y se aplican, pero es muy limitado para las necesidades del sector ;Limita bastante ;Sí, siempre ;Mayoritariamente: Yo asumo la mayor parte de la carga. ;Raramente ;Nunca ;;;Barreras moderadas ;Sesgos moderados ;No sé;Ninguna vinculación: No formo parte de ninguna estructura asociativa. ;Sí;Sí;Sí;No;No;No;No;No he buscado formación ;Más de 10 proyectos;Más de 10 proyectos ;Mayormente suficiente ;Rara vez: He rechazado menos de una cuarta parte de las ofertas.;No;Sí;No;Sí;Sí;No;No;No;No sé;Baja: Quizás, dependiendo del tipo de iniciativa.;;;;Media;Suficiente;Muy respetada;Inclusión en currículos educativos y bibliotecas escolares.;;En ninguna medida (Ningún impacto);Raramente;Optimista;;Lo consultaré en la web oficial sectorialcomic.com;;221062;411;;652;;66692;;;;;;;;;;;;74365;;;;10124;;;;;;;416;;;;;10341;;;;3545;;;;4647;;;;;4771;;;9181;;;;3523;;;;2586;;;8763;;;;;;;;10443;;;;;;;5608;;;;125;;
131;15-02-2026 13:19;19;es;497166557;15-02-2026 13:09;15-02-2026 13:19;Sí, autorizo el uso anónimo. ;de 35 a 44;Mujer;;Enseñanza Universitaria de Segundo o Tercer Ciclo (Licenciatura, Máster Oficial, Doctorado, Especialidad médica);Nacionalidad española y residencia en España.;;Pontevedra;;;Industria Editorial y Publicación (Trabajo para editoriales, prensa o medios).;;Editora / Responsable editorial;;Ninguno;;Asalariada con contrato indefinido;11-15 años;Desfavorable;Ha mejorado ligeramente;Más de 10 espacios;Raramente (menos del 30%);Nunca;;Plenamente estable: Vivo exclusivamente y de forma estable de mi actividad profesional en el cómic.;Entre el SMI y 25.000 €;81 - 100%;Mayormente proporcional ;Nunca;Influye moderadamente;Preocupación moderada;Raramente: (Situaciones muy aisladas o excepcionales).;Acceso completo: Dispongo de protocolos claros, remunerados y de fácil acceso.;Efectivas: Son medidas funcionales que ofrecen un apoyo real y preventivo ;No limita en absoluto ;Sí, siempre ;Mayoritariamente: Yo asumo la mayor parte de la carga. ;Ocasionalmente ;Nunca ;;;Barreras moderadas ;Sesgos moderados ;Sí, pero no participo en ella ;Ninguna vinculación: No formo parte de ninguna estructura asociativa. ;Sí;No;Sí;Sí;No;No;No;Acceso fácil y regular: Tengo acceso sencillo a recursos formativos de alta calidad.;3-5 proyectos;Más de 10 proyectos ;Insuficiente ;Nunca: He aceptado todas las ofertas recibidas.;Sí;Sí;No;Sí;No;No;No;No;Certificaciones de igualdad;Moderada: Sí, pero con reservas por mi tiempo disponible.;;;;Total;Suficiente;Totalmente respetada;Creación de archivos digitales y bases de datos de acceso libre.;;En ninguna medida (Ningún impacto);Nunca;Pesimista;Es completamente distinta la perspectiva que pueda tener una editora que trabaja por cuenta ajena que una autora;Otro;Natalia@lacupula.com;60713;462;;661;;7754;;;;;;;;;;;;2304;;;;5348;;;;;;;3521;;;;;3638;;;;1884;;;;1211;;;;;1989;;;8051;;;;4169;;;;2337;;;4735;;;;;;;;5746;;;;;;;2624;;;;4279;;
134;15-02-2026 17:15;19;es;1770336926;15-02-2026 16:52;15-02-2026 17:15;Sí, autorizo el uso anónimo. ;de 45 a 54;Mujer;;Formación Profesional de Grado Medio (Ciclos Formativos de Grado Medio, FP I, Oficialía Industrial);Nacionalidad española y residencia en España.;;Castellón;;;Industria Editorial y Publicación (Trabajo para editoriales, prensa o medios).;;Editora / Responsable editorial;;Editora / Responsable editorial;;Autónoma con clientes habituales;Más de 15 años;Desfavorable;Ha mejorado ligeramente;3-5 espacios;Frecuentemente (61-99%);Nunca;;Inviable: Mis ingresos dependo totalmente de otros trabajos o apoyos.;Menos de 5.000 €;0 - 20%;Nada proporcional ;Ocasionalmente (1-3 veces al año) ;Influye bastante;Preocupación alta;Ocasionalmente: (Sucede a veces, pero no es la tónica general).;No sé / No aplica a mi situación;No sé/No aplica a mi situación;No limita en absoluto ;Sí, regularmente ;Ligeramente: Mi carga es secundaria ;Ocasionalmente ;Ocasionalmente ;No aplica/Prefiero no responder;;No percibo barreras ;Sesgos claros/evidentes;No sé;Ninguna vinculación: No formo parte de ninguna estructura asociativa. ;Sí;Sí;No;No;No;No;Sí;Acceso parcial: Encuentro información, pero es incompleta o poco clara.;3-5 proyectos;3-5 proyectos ;Muy insuficiente ;Nunca: He aceptado todas las ofertas recibidas.;Sí;Sí;No;No;Sí;No;No;No;Informes anuales de transparencia obligatorios;Moderada: Sí, pero con reservas por mi tiempo disponible.;;;;Media;Parcialmente suficiente;Parcialmente respetada;Inclusión en currículos educativos y bibliotecas escolares.;;Moderadamente;Nunca;Incertidumbre / Neutro;;Otro;5mayeska@gmail.com;12178;978;;1686;;15319;;;;;;;;;;;;7135;;;;9947;;;;;;;6884;;;;;8911;;;;6924;;;;5039;;;;;4652;;;10054;;;;6697;;;;297;;;12418;;;;;;;;13093;;;;;;;5613;;;;346;;
135;15-02-2026 20:00;19;es;554465676;15-02-2026 19:38;15-02-2026 20:00;Sí, autorizo el uso anónimo. ;de 35 a 44;Mujer;;Enseñanza Universitaria de Segundo o Tercer Ciclo (Licenciatura, Máster Oficial, Doctorado, Especialidad médica);Nacionalidad española y residencia en España.;;Barcelona;;;Creación y Producción Artística (Estudio propio, taller, autoedición).;;Dibujante / Ilustradora;;Autora integral;;Sin actividad remunerada en el sector;Menos de 2 años;Desfavorable;Se ha mantenido igual;1-2 espacios;Frecuentemente (61-99%);Ocasionalmente;pago bajo por el trabajo hecho;Muy precaria: El cómic es una actividad secundaria, necesito otros trabajos constantes para subsistir.;Menos de 5.000 €;0 - 20%;Nada proporcional ;Ocasionalmente (1-3 veces al año) ;Influye bastante;Preocupación muy alta/ crítica;Frecuentemente: (Es una situación habitual o recurrente).;No sé / No aplica a mi situación;No sé/No aplica a mi situación;Limita muy poco ;No ;No aplica;Ocasionalmente ;Nunca ;;;Barreras insuperables;Sesgos claros/evidentes;Sí, pero no participo en ella ;Vinculación muy baja: Conozco su existencia, pero no soy miembro ni participo. ;Sí;No;No;Sí;No;Sí;No;Acceso funcional: Accedo a formación útil de forma habitual.;3-5 proyectos;1-2 proyectos ;Insuficiente ;Nunca: He aceptado todas las ofertas recibidas.;No;No;No;No;No;Sí;Sí;Sí;Comisiones de seguimiento sectoriales;Baja: Quizás, dependiendo del tipo de iniciativa.;Baja;Raramente;Poco;;;;;;Bastante;Frecuentemente;Pesimista;;Otro;vihuelilla@gmail.com;132836;1155;;1833;;42872;;;;;;;;;;;;5089;;;;20146;;;;;;;3341;;;;;6308;;;;3472;;;;4679;;;;;2866;;;7383;;;;9386;;;;2724;;;7921;;;;6637;;;;;;;;;;;5049;;;;1975;;
136;15-02-2026 21:01;19;es;130223826;15-02-2026 20:16;15-02-2026 21:01;Sí, autorizo el uso anónimo. ;de 25 a 34;Mujer;;Enseñanza Universitaria de Segundo o Tercer Ciclo (Licenciatura, Máster Oficial, Doctorado, Especialidad médica);Nacionalidad española y residencia en España.;;Madrid;;;Docencia e Investigación (Universidades, escuelas de arte, talleres).;;Autora integral;;Dibujante / Ilustradora;;Freelance / Por proyectos puntuales;2-5 años;Desfavorable;Ha mejorado ligeramente;Más de 10 espacios;Raramente (menos del 30%);Ocasionalmente;"Por lo general respecto a la parte económica, pero también me he encontrado cláusulas en las cuales se establecian ""penalizaciones económicas"" por no cumplir deadlines, o en las cuales te veías en la posibilidad de dedicar muchas horas extras cobrando lo mismo si los clientes pedian muchos cambios. Tambien en la industria de la animación, trabajar a tiempo completo siendo falsa autonoma.";Inviable: Mis ingresos dependo totalmente de otros trabajos o apoyos.;Menos de 5.000 €;0 - 20%;Nada proporcional ;Ocasionalmente (1-3 veces al año) ;Influye bastante;Preocupación alta;Ocasionalmente: (Sucede a veces, pero no es la tónica general).;Acceso muy limitado: Solo en casos extremos o sin remuneración. ;Inexistentes: No existen políticas de este tipo. ;Limita bastante ;Sí, regularmente ;Ligeramente: Mi carga es secundaria ;Frecuentemente ;Raramente ;No denuncié por decisión propia (no lo consideré o preferí no hacerlo);;Barreras mínimas ;Sesgos claros/evidentes;Sí, pero participo poco ;Vinculación moderada: Soy miembro, pero mi participación es nula o muy escasa. ;Sí;No;Sí;No;No;Sí;No;Acceso parcial: Encuentro información, pero es incompleta o poco clara.;Más de 10 proyectos;Más de 10 proyectos ;Parcialmente suficiente ;Rara vez: He rechazado menos de una cuarta parte de las ofertas.;Sí;No;No;No;Sí;No;Sí;No;Informes anuales de transparencia obligatorios;Moderada: Sí, pero con reservas por mi tiempo disponible.;Baja;Frecuentemente;Bastante;;;;;;Moderadamente;A veces;Incertidumbre / Neutro;Principalmente hacer hincapié en lo dificil que es sacar adelante proyectos como autora por la parte económica. Realmente se pierde dinero más que se gana. Y mientras tanto tienes que trabajar en otras industrias, en mi caso la enseñanza o la animación, en el caso de la segunda,  participando en proyectos cuya calidad artística es muy inferior, y muy poco innovadora a nivel cultural si lo comparamos a los que muchas autoras seríamos capaces de hacer si tuvieramos la posibilidad, por lo que la sensación es de estar malgastando tus capacidades artisticas en proyectos mediocres mientras pospones y haces malabares para sacar adelante los proyectos propios. Y en la mayoria de los casos las mentes creativas, directores y supervisores detrás de estos proyectos de animación son en su mayoría hombres que reciben mucha más validación y apoyo en el sector.;Otro;claradefrutos.art@gmail.com;271131;89;;2026;;15014;;;;;;;;;;;;5438;;;;2396;;;;;;;6058;;;;;95;;;;5948;;;;4941;;;;;4887;;;7886;;;;6334;;;;472;;;13474;;;;6903;;;;;;;;;;;4574;;;;148578;;
137;15-02-2026 21:20;19;es;1458894154;15-02-2026 20:57;15-02-2026 21:20;Sí, autorizo el uso anónimo. ;de 35 a 44;Mujer;;Formación Profesional de Grado Superior (Ciclos Formativos de Grado Superior, FP II, Maestría Industrial);Nacionalidad española y residencia en España.;;Barcelona;;;Creación y Producción Artística (Estudio propio, taller, autoedición).;;Dibujante / Ilustradora;;Otro;tatuadora;Autónoma con clientes habituales;Más de 15 años;Desfavorable;Se ha mantenido igual;Ninguno;Nunca;Frecuentemente;duración de contratos, precio por cesión de derechos, manera de contabilizar liquidaciones, anticipos pobres, royalties bajos,...;Inestable: Reparto mi tiempo entre el cómic y otras actividades para alcanzar el ingreso mínimo.;Entre 5.001 € y el Salario Mínimo Interprofesional (aprox. 15.876 €);0 - 20%;Nada proporcional ;Ocasionalmente (1-3 veces al año) ;Influye totalmente;Preocupación muy alta/ crítica;Constantemente / Siempre: (Representa un estado crónico o diario);Acceso muy limitado: Solo en casos extremos o sin remuneración. ;Inexistentes: No existen políticas de este tipo. ;Limita bastante ;Sí, siempre ;Compartida: El reparto es equitativo ;Raramente ;Ocasionalmente ;No denuncié por decisión propia (no lo consideré o preferí no hacerlo);;Barreras moderadas ;Sesgos claros/evidentes;Sí, pero participo poco ;Vinculación moderada: Soy miembro, pero mi participación es nula o muy escasa. ;No;No;Sí;Sí;Sí;No;No;Acceso parcial: Encuentro información, pero es incompleta o poco clara.;3-5 proyectos;1-2 proyectos ;Insuficiente ;Ocasionalmente: He rechazado aproximadamente la mitad de las ofertas.;Sí;No;No;Sí;Sí;No;No;No;Sanciones económicas por incumplimiento;Moderada: Sí, pero con reservas por mi tiempo disponible.;Baja;Frecuentemente;Parcialmente;;;;;;Moderadamente;A veces;Pesimista;;Lo consultaré en la web oficial sectorialcomic.com;;136293;463;;1508;;75454;;;;;;;;;;;;2382;;;;11637;;;;;;;2895;;;;;3125;;;;3454;;;;3754;;;;;1943;;;7157;;;;3554;;;;1586;;;7235;;;;3243;;;;;;;;;;;3786;;;;3117;;
138;15-02-2026 21:19;19;es;525027721;15-02-2026 21:05;15-02-2026 21:19;Sí, autorizo el uso anónimo. ;de 45 a 54;Mujer;;Enseñanza Universitaria de Segundo o Tercer Ciclo (Licenciatura, Máster Oficial, Doctorado, Especialidad médica);Nacionalidad española y residencia en España.;;Santa Cruz de Tenerife;;;Docencia e Investigación (Universidades, escuelas de arte, talleres).;;Otro;Reseñista;Ninguno;;Sin actividad remunerada en el sector;Menos de 2 años;Desfavorable;Ha mejorado ligeramente;Ninguno;Siempre (100% de mis trabajos);Nunca;;Inviable: Mis ingresos dependo totalmente de otros trabajos o apoyos.;Menos de 5.000 €;0 - 20%;Nada proporcional ;Nunca;Influye moderadamente;Preocupación baja;Ocasionalmente: (Sucede a veces, pero no es la tónica general).;Acceso funcional: Los mecanismos son conocidos y habitualmente accesibles cuando se necesitan.;Inexistentes: No existen políticas de este tipo. ;Limita moderadamente ;Sí, siempre ;Compartida: El reparto es equitativo ;Constantemente / En múltiples ocasiones;Ocasionalmente ;Comunicación informalmente (compañeros, redes sociales, entorno directo) ;No aplica/Prefiero no responder;Barreras significativas ;Sesgos claros/evidentes;No sé;Ninguna vinculación: No formo parte de ninguna estructura asociativa. ;Sí;Sí;Sí;No;No;No;No;Acceso funcional: Accedo a formación útil de forma habitual.;1-2 proyectos;Ninguno ;Muy insuficiente ;Rara vez: He rechazado menos de una cuarta parte de las ofertas.;Sí;No;Sí;Sí;No;No;No;No;Revisión participativa con profesionales;Moderada: Sí, pero con reservas por mi tiempo disponible.;;;;;;;;;Bastante;A veces;Incertidumbre / Neutro;;Lo consultaré en la web oficial sectorialcomic.com;;8879;3227;;3073;;2046;;;;;;;;;;;;3194;;;;832;;;;;;;3855;;;;;5971;;;;3248;;;;4999;;;;;2178;;;5311;;;;428;;;;2136;;;9573;;;;;;;;;;;;;;;3672;;;;5293;;
139;15-02-2026 21:40;19;es;1078688420;15-02-2026 21:10;15-02-2026 21:40;Sí, autorizo el uso anónimo. ;de 35 a 44;Mujer;;Formación Profesional de Grado Medio (Ciclos Formativos de Grado Medio, FP I, Oficialía Industrial);Nacionalidad española y residencia en España.;;Barcelona;;;Industria Editorial y Publicación (Trabajo para editoriales, prensa o medios).;;Dibujante / Ilustradora;;Autora integral;;Autónoma con clientes habituales;11-15 años;Neutral / Equilibrada;Ha mejorado ligeramente;6-10 espacios;Raramente (menos del 30%);Ocasionalmente;;Inestable: Reparto mi tiempo entre el cómic y otras actividades para alcanzar el ingreso mínimo.;Entre 25.001 € y 40.000 €;41 - 60%;Poco proporcional ;Raramente (menos de una vez al año) ;Influye moderadamente;Preocupación baja;Frecuentemente: (Es una situación habitual o recurrente).;Sin acceso: No dispongo de mecanismo de apoyo. ;Inexistentes: No existen políticas de este tipo. ;Limita muy poco ;No ;No aplica;Ocasionalmente ;Raramente ;No aplica/Prefiero no responder;;Barreras moderadas ;Sesgos moderados ;No sé;Vinculación moderada: Soy miembro, pero mi participación es nula o muy escasa. ;Sí;No;Sí;No;Sí;No;No;Acceso muy limitado: Formación escasa o difícil de localizar.;Más de 10 proyectos;6-10 proyectos ;Mayormente suficiente ;Rara vez: He rechazado menos de una cuarta parte de las ofertas.;No;No;No;Sí;No;Sí;Sí;No;No sé;Moderada: Sí, pero con reservas por mi tiempo disponible.;Media;Raramente;Bastante;;;;;;Moderadamente;Nunca;Optimista;;Lo consultaré en la web oficial sectorialcomic.com;;178721;5379;;3044;;28195;;;;;;;;;;;;1352;;;;241;;;;;;;8077;;;;;10318;;;;4561;;;;5823;;;;;5082;;;12047;;;;12773;;;;4622;;;16793;;;;11427;;;;;;;;;;;8756;;;;4204;;
140;15-02-2026 21:43;19;es;1009500601;15-02-2026 21:31;15-02-2026 21:43;Sí, autorizo el uso anónimo. ;de 65 a 74;Persona no binaria;;Enseñanza Universitaria de Segundo o Tercer Ciclo (Licenciatura, Máster Oficial, Doctorado, Especialidad médica);Nacionalidad española y residencia en España.;;Barcelona;;;Creación y Producción Artística (Estudio propio, taller, autoedición).;;Dibujante / Ilustradora;;Autora integral;;Freelance / Por proyectos puntuales;Más de 15 años;Neutral / Equilibrada;Ha mejorado ligeramente;3-5 espacios;Frecuentemente (61-99%);Raramente;;Muy precaria: El cómic es una actividad secundaria, necesito otros trabajos constantes para subsistir.;Menos de 5.000 €;0 - 20%;Poco proporcional ;Ocasionalmente (1-3 veces al año) ;Influye moderadamente;Preocupación moderada;Frecuentemente: (Es una situación habitual o recurrente).;Acceso parcial: Existen algunos mecanismos, pero son difíciles de activar o poco claros. ;Inexistentes: No existen políticas de este tipo. ;Limita moderadamente ;Sí, frecuentemente;Mayoritariamente: Yo asumo la mayor parte de la carga. ;Frecuentemente ;Raramente ;No denuncié por decisión propia (no lo consideré o preferí no hacerlo);;No percibo barreras ;No hay sesgos ;Sí, participo activamente ;Vinculación alta: Soy miembro y participo de forma puntual en actividades o asambleas. ;Sí;Sí;No;No;Sí;No;No;Acceso fácil y regular: Tengo acceso sencillo a recursos formativos de alta calidad.;1-2 proyectos;1-2 proyectos ;Insuficiente ;Rara vez: He rechazado menos de una cuarta parte de las ofertas.;Sí;Sí;Sí;No;No;No;No;No;Certificaciones de igualdad;Baja: Quizás, dependiendo del tipo de iniciativa.;Baja;A veces;Parcialmente;;;;;;Moderadamente;Nunca;Pesimista;;Lo consultaré en la web oficial sectorialcomic.com;;77355;78;;1386;;11109;;;;;;;;;;;;4603;;;;8994;;;;;;;4035;;;;;2922;;;;3682;;;;13336;;;;;2387;;;4998;;;;3378;;;;2338;;;5052;;;;3777;;;;;;;;;;;3388;;;;119;;
141;15-02-2026 23:33;19;es;1141269476;15-02-2026 23:21;15-02-2026 23:33;Sí, autorizo el uso anónimo. ;de 35 a 44;Mujer;;Enseñanza Universitaria de Segundo o Tercer Ciclo (Licenciatura, Máster Oficial, Doctorado, Especialidad médica);Nacionalidad española y residencia en España.;;Jaén;;;Docencia e Investigación (Universidades, escuelas de arte, talleres).;;Otro;Investigación ;Divulgadora / Crítica;;Asalariada con contrato temporal;6-10 años;Desfavorable;Ha mejorado ligeramente;3-5 espacios;Ocasionalmente (31- 60%);Ocasionalmente;Trabajo no remunerado o mal remunerado, invisibilidad de mi trabajo y apropiación del mismo ;Inestable: Reparto mi tiempo entre el cómic y otras actividades para alcanzar el ingreso mínimo.;Menos de 5.000 €;0 - 20%;Nada proporcional ;Frecuentemente (más de 3 veces al año) ;Influye totalmente;Preocupación muy alta/ crítica;Frecuentemente: (Es una situación habitual o recurrente).;Acceso muy limitado: Solo en casos extremos o sin remuneración. ;No sé/No aplica a mi situación;Limita totalmente ;Sí, regularmente ;Mayoritariamente: Yo asumo la mayor parte de la carga. ;Ocasionalmente ;Raramente ;No denuncié por decisión propia (no lo consideré o preferí no hacerlo);;Barreras significativas ;Sesgos claros/evidentes;No sé;Vinculación alta: Soy miembro y participo de forma puntual en actividades o asambleas. ;Sí;Sí;No;Sí;No;No;No;No he buscado formación ;1-2 proyectos;1-2 proyectos ;Muy insuficiente ;Ocasionalmente: He rechazado aproximadamente la mitad de las ofertas.;No;Sí;No;No;No;Sí;Sí;No;Combinación de varios mecanismos;Alta: Sí, deseo participar de forma activa.;;;;;;;;;Bastante;Raramente;Incertidumbre / Neutro;;Otro;ANABELGUZMO@GMAIL.COM;71556;343;;525;;9353;;;;;;;;;;;;5905;;;;11673;;;;;;;551;;;;;4407;;;;4408;;;;2717;;;;;2934;;;56;;;;6702;;;;1544;;;6237;;;;;;;;;;;;;;;2805;;;;893;;
144;16-02-2026 2:12;19;es;1997481012;16-02-2026 2:02;16-02-2026 2:12;Sí, autorizo el uso anónimo. ;de 25 a 34;Persona no binaria;;Enseñanza Universitaria de Primer Ciclo o Grado (Diplomatura, Grado Universitario, Ingeniería/Arquitectura Técnica);Nacionalidad española y residencia en España.;;Málaga;;;Creación y Producción Artística (Estudio propio, taller, autoedición).;;Dibujante / Ilustradora;;Diseñadora gráfica;;Sin actividad remunerada en el sector;6-10 años;Desfavorable;Ha mejorado ligeramente;Ninguno;Siempre (100% de mis trabajos);Ocasionalmente;Acuerdos sin ninguna garantía que daban lugar a situaciones de mucha precariedad;Inviable: Mis ingresos dependo totalmente de otros trabajos o apoyos.;Menos de 5.000 €;0 - 20%;Poco proporcional ;Frecuentemente (más de 3 veces al año) ;Influye bastante;Preocupación alta;Constantemente / Siempre: (Representa un estado crónico o diario);Acceso parcial: Existen algunos mecanismos, pero son difíciles de activar o poco claros. ;Inexistentes: No existen políticas de este tipo. ;Limita moderadamente ;No ;No aplica;Raramente ;Raramente ;No aplica/Prefiero no responder;;Barreras insuperables;Sesgos muy acentuados y sistemáticos;No sé;Vinculación moderada: Soy miembro, pero mi participación es nula o muy escasa. ;No;Sí;Sí;No;No;Sí;No;Acceso parcial: Encuentro información, pero es incompleta o poco clara.;Ninguno;1-2 proyectos ;Muy insuficiente ;Nunca: He aceptado todas las ofertas recibidas.;No;Sí;No;No;No;Sí;No;Sí;Combinación de varios mecanismos;Moderada: Sí, pero con reservas por mi tiempo disponible.;Nula (Acepto condiciones impuestas);Nunca;Parcialmente;;;;;;Totalmente (Ha condicionado toda mi carrera);Frecuentemente;Incertidumbre / Neutro;;Lo consultaré en la web oficial sectorialcomic.com;;57571;878;;786;;10358;;;;;;;;;;;;2169;;;;9927;;;;;;;4022;;;;;2388;;;;1704;;;;2732;;;;;1607;;;3418;;;;3241;;;;1402;;;5277;;;;3964;;;;;;;;;;;2522;;;;1176;;
149;16-02-2026 10:22;19;es;466150998;16-02-2026 10:08;16-02-2026 10:22;Sí, autorizo el uso anónimo. ;de 25 a 34;Persona no binaria;;Enseñanza Universitaria de Primer Ciclo o Grado (Diplomatura, Grado Universitario, Ingeniería/Arquitectura Técnica);Nacionalidad española y residencia en España.;;Gerona;;;Industria Editorial y Publicación (Trabajo para editoriales, prensa o medios).;;Diseñadora gráfica;;Dibujante / Ilustradora;;Autónoma con clientes habituales;6-10 años;Neutral / Equilibrada;Se ha mantenido igual;Ninguno;Raramente (menos del 30%);Frecuentemente;Trabajos editoriales;Muy precaria: El cómic es una actividad secundaria, necesito otros trabajos constantes para subsistir.;Menos de 5.000 €;0 - 20%;Nada proporcional ;Raramente (menos de una vez al año) ;Influye totalmente;Preocupación muy alta/ crítica;Constantemente / Siempre: (Representa un estado crónico o diario);Sin acceso: No dispongo de mecanismo de apoyo. ;Inexistentes: No existen políticas de este tipo. ;Limita moderadamente ;No ;Mínimamente: En casos muy puntuales;Ocasionalmente ;Nunca ;;;Barreras significativas ;Sesgos claros/evidentes;Sí, pero es inaccesible o desconocida ;Vinculación muy baja: Conozco su existencia, pero no soy miembro ni participo. ;Sí;Sí;No;No;Sí;No;No;Acceso parcial: Encuentro información, pero es incompleta o poco clara.;Más de 10 proyectos;Más de 10 proyectos ;Parcialmente suficiente ;Rara vez: He rechazado menos de una cuarta parte de las ofertas.;Sí;No;No;No;Sí;No;Sí;No;No sé;Moderada: Sí, pero con reservas por mi tiempo disponible.;;;;Nula;Muy Insuficiente;Parcialmente respetada;Reedición y restauración de obras descatalogadas.;;Moderadamente;A veces;Incertidumbre / Neutro;;Otro;belwinx@gmail.com;82169;1298;;144;;14252;;;;;;;;;;;;5063;;;;14465;;;;;;;3298;;;;;3167;;;;4567;;;;3088;;;;;2071;;;5459;;;;3719;;;;2287;;;7007;;;;;;;;6699;;;;;;;2855;;;;1434;;
150;16-02-2026 10:38;19;es;225658791;16-02-2026 10:20;16-02-2026 10:38;Sí, autorizo el uso anónimo. ;de 35 a 44;Mujer;;Enseñanza Universitaria de Segundo o Tercer Ciclo (Licenciatura, Máster Oficial, Doctorado, Especialidad médica);Nacionalidad española y residencia en España.;;Jaén;;;Industria Editorial y Publicación (Trabajo para editoriales, prensa o medios).;;Autora integral;;Ninguno;;Autónoma con clientes habituales;6-10 años;Favorable;Ha mejorado significativamente;6-10 espacios;Raramente (menos del 30%);Nunca;;Muy precaria: El cómic es una actividad secundaria, necesito otros trabajos constantes para subsistir.;Menos de 5.000 €;0 - 20%;Poco proporcional ;Nunca;Influye moderadamente;Preocupación alta;Frecuentemente: (Es una situación habitual o recurrente).;No sé / No aplica a mi situación;No sé/No aplica a mi situación;Limita bastante ;Sí, siempre ;Compartida: El reparto es equitativo ;Raramente ;Nunca ;;;No percibo barreras ;Sesgos muy leves ;Sí, pero participo poco ;Vinculación muy baja: Conozco su existencia, pero no soy miembro ni participo. ;Sí;Sí;No;No;No;Sí;No;No he buscado formación ;Más de 10 proyectos;Más de 10 proyectos ;Parcialmente suficiente ;Nunca: He aceptado todas las ofertas recibidas.;Sí;No;No;Sí;No;No;Sí;No;No sé;Moderada: Sí, pero con reservas por mi tiempo disponible.;Baja;Siempre (Blindaje total);Totalmente (Libertad absoluta);;;;;;Poco;Raramente;Incertidumbre / Neutro;Público mis comics con una editorial española que me da buenas condiciones, y trabajo habitualmente en prensa, con las condiciones que vienen dadas, ocasionalmente extendiendo los plazos un poco, pero con sueldos congelados desde hace más de 10 años, y cero posibilidades de subirlos.;Lo consultaré en la web oficial sectorialcomic.com;;109388;532;;1859;;11518;;;;;;;;;;;;4565;;;;13321;;;;;;;5069;;;;;5934;;;;3715;;;;1779;;;;;4405;;;10324;;;;7158;;;;2096;;;11514;;;;9514;;;;;;;;;;;4179;;;;11906;;
154;16-02-2026 11:11;19;es;382933166;16-02-2026 11:02;16-02-2026 11:11;Sí, autorizo el uso anónimo. ;de 25 a 34;Mujer;;Enseñanza Universitaria de Segundo o Tercer Ciclo (Licenciatura, Máster Oficial, Doctorado, Especialidad médica);Nacionalidad española y residencia en España.;;Salamanca;;;Docencia e Investigación (Universidades, escuelas de arte, talleres).;;Otro;Profesora investigadora;Ninguno;;Asalariada con contrato temporal;2-5 años;Desfavorable;Ha mejorado ligeramente;3-5 espacios;Ocasionalmente (31- 60%);Nunca;;Viable con apoyos: Vivo mayoritariamente del cómic, aunque realizo colaboraciones externas ocasionales.;Entre el SMI y 25.000 €;61 - 80%;Poco proporcional ;Nunca;Influye moderadamente;Preocupación moderada;Ocasionalmente: (Sucede a veces, pero no es la tónica general).;Acceso parcial: Existen algunos mecanismos, pero son difíciles de activar o poco claros. ;Insuficientes: Ofrecen un apoyo básico y se aplican, pero es muy limitado para las necesidades del sector ;Limita muy poco ;Sí, raramente;Compartida: El reparto es equitativo ;Ocasionalmente ;Nunca ;;;Barreras moderadas ;Sesgos claros/evidentes;No sé;Vinculación muy baja: Conozco su existencia, pero no soy miembro ni participo. ;No;No;Sí;No;Sí;No;Sí;Acceso muy limitado: Formación escasa o difícil de localizar.;1-2 proyectos;1-2 proyectos ;Parcialmente suficiente ;Frecuentemente: He rechazado la mayoría de las ofertas.;Sí;Sí;No;No;No;Sí;No;No;Combinación de varios mecanismos;Alta: Sí, deseo participar de forma activa.;;;;;;;;;Poco;A veces;Incertidumbre / Neutro;;Otro;bauselabuccianti@usal.es;55261;432;;724;;9466;;;;;;;;;;;;2594;;;;7755;;;;;;;3808;;;;;2765;;;;3119;;;;1414;;;;;2089;;;3811;;;;4269;;;;229;;;632;;;;;;;;;;;;;;;2581;;;;1824;;
155;16-02-2026 11:23;19;es;444609368;16-02-2026 11:06;16-02-2026 11:23;Sí, autorizo el uso anónimo. ;de 35 a 44;Mujer;;Enseñanza Universitaria de Segundo o Tercer Ciclo (Licenciatura, Máster Oficial, Doctorado, Especialidad médica);Nacionalidad española y residencia en España.;;Cádiz;;;Industria Editorial y Publicación (Trabajo para editoriales, prensa o medios).;;Traductora;;Ninguno;;Autónoma con clientes habituales;11-15 años;Desfavorable;Ha mejorado ligeramente;1-2 espacios;Ocasionalmente (31- 60%);Frecuentemente;Las editoriales no dan informacióno de tirada o liquidaciones de derechos de autor. No he recibido ninguna nunca. Los retrasos en los pagos son habituales.;Viable con apoyos: Vivo mayoritariamente del cómic, aunque realizo colaboraciones externas ocasionales.;Entre 5.001 € y el Salario Mínimo Interprofesional (aprox. 15.876 €);81 - 100%;Poco proporcional ;Constantemente/siempre ;Influye totalmente;Preocupación muy alta/ crítica;Frecuentemente: (Es una situación habitual o recurrente).;Acceso muy limitado: Solo en casos extremos o sin remuneración. ;Inexistentes: No existen políticas de este tipo. ;Limita bastante ;No ;No aplica;Ocasionalmente ;Nunca ;;;Barreras significativas ;Sesgos claros/evidentes;No existen redes;Vinculación alta: Soy miembro y participo de forma puntual en actividades o asambleas. ;Sí;Sí;No;No;Sí;No;No;Acceso funcional: Accedo a formación útil de forma habitual.;Más de 10 proyectos;Más de 10 proyectos ;Insuficiente ;Rara vez: He rechazado menos de una cuarta parte de las ofertas.;Sí;Sí;No;No;No;No;Sí;No;Combinación de varios mecanismos;Moderada: Sí, pero con reservas por mi tiempo disponible.;Baja;Frecuentemente;Totalmente (Libertad absoluta);;;;;;Totalmente (Ha condicionado toda mi carrera);Frecuentemente;Pesimista;Ahora mismo no tengo persona dependiente a mí cargo, pero sí la he tenido durante unos años (mi abuela) y aunque la cuidadora principal era mi madre, sí llegaba a afectar a mi trabajo. ;Otro;ana.caro.oca@gmail.com;101367;318;;2142;;11254;;;;;;;;;;;;6524;;;;18814;;;;;;;6206;;;;;4013;;;;4408;;;;392;;;;;4232;;;7411;;;;3449;;;;2536;;;9292;;;;4091;;;;;;;;;;;5049;;;;7708;;
156;16-02-2026 11:28;19;es;390263528;16-02-2026 11:19;16-02-2026 11:28;Sí, autorizo el uso anónimo. ;de 35 a 44;Mujer;;Enseñanza Universitaria de Segundo o Tercer Ciclo (Licenciatura, Máster Oficial, Doctorado, Especialidad médica);Nacionalidad española y residencia en España.;;Madrid;;;Docencia e Investigación (Universidades, escuelas de arte, talleres).;;Otro;Relatora gráfica ;Dibujante / Ilustradora;;Freelance / Por proyectos puntuales;11-15 años;Favorable;Ha mejorado ligeramente;1-2 espacios;Raramente (menos del 30%);Nunca;;Muy precaria: El cómic es una actividad secundaria, necesito otros trabajos constantes para subsistir.;Menos de 5.000 €;0 - 20%;Poco proporcional ;Ocasionalmente (1-3 veces al año) ;Influye moderadamente;Preocupación moderada;Raramente: (Situaciones muy aisladas o excepcionales).;Sin acceso: No dispongo de mecanismo de apoyo. ;Insuficientes: Ofrecen un apoyo básico y se aplican, pero es muy limitado para las necesidades del sector ;Limita bastante ;Sí, siempre ;Mayoritariamente: Yo asumo la mayor parte de la carga. ;Ocasionalmente ;Ocasionalmente ;No aplica/Prefiero no responder;;Barreras moderadas ;Sesgos moderados ;No sé;Ninguna vinculación: No formo parte de ninguna estructura asociativa. ;Sí;No;No;Sí;No;No;Sí;Acceso muy limitado: Formación escasa o difícil de localizar.;1-2 proyectos;1-2 proyectos ;Insuficiente ;Ocasionalmente: He rechazado aproximadamente la mitad de las ofertas.;No;Sí;No;Sí;No;No;Sí;No;Combinación de varios mecanismos;Moderada: Sí, pero con reservas por mi tiempo disponible.;;;;;;;;;Moderadamente;A veces;Incertidumbre / Neutro;Me gustaría que se dé un lugar específico al cómic en directo y la relatoría gráfica en este sector ;Otro;Carlaboserman@gmail.com;50984;643;;1232;;7369;;;;;;;;;;;;218;;;;463;;;;;;;2657;;;;;2619;;;;2344;;;;2562;;;;;1521;;;3285;;;;2229;;;;1275;;;9896;;;;;;;;;;;;;;;2034;;;;4508;;
161;16-02-2026 13:19;19;es;757636792;16-02-2026 13:00;16-02-2026 13:19;Sí, autorizo el uso anónimo. ;de 35 a 44;Mujer;;Enseñanza Universitaria de Segundo o Tercer Ciclo (Licenciatura, Máster Oficial, Doctorado, Especialidad médica);Nacionalidad española y residencia en España.;;Madrid;;;Creación y Producción Artística (Estudio propio, taller, autoedición).;;Autora integral;;Diseñadora gráfica;;Freelance / Por proyectos puntuales;6-10 años;Desfavorable;Ha empeorado ligeramente;1-2 espacios;Ocasionalmente (31- 60%);Ocasionalmente;Plazos muy cortos para las entregas que obligan a trabajar muchas horas extra por tanto falta de conciliación. Ferias: pago por stands dentro de los sectores de editoriales independientes, que podrían estar subvencionados.;Muy precaria: El cómic es una actividad secundaria, necesito otros trabajos constantes para subsistir.;Menos de 5.000 €;0 - 20%;Poco proporcional ;Raramente (menos de una vez al año) ;Influye totalmente;Preocupación baja;Ocasionalmente: (Sucede a veces, pero no es la tónica general).;No sé / No aplica a mi situación;No sé/No aplica a mi situación;Limita totalmente ;Sí, frecuentemente;Compartida: El reparto es equitativo ;Raramente ;Nunca ;;;Barreras significativas ;Sesgos moderados ;No sé;Ninguna vinculación: No formo parte de ninguna estructura asociativa. ;Sí;No;Sí;No;No;No;Sí;Sin acceso: No encuentro formación sobre estos temas.;1-2 proyectos;1-2 proyectos ;Muy insuficiente ;Ocasionalmente: He rechazado aproximadamente la mitad de las ofertas.;No;No;No;Sí;No;Sí;Sí;No;Certificaciones de igualdad;Baja: Quizás, dependiendo del tipo de iniciativa.;Baja;A veces;Bastante;;;;;;Bastante;Raramente;Pesimista;Mis ingresos principales provienen de mi actividad como diseñadora asalariada a tiempo parcial. Por tanto, mi estatus es el de si algún día podré dejar mi trabajo para dedicarme por completo a la creación propia.;Otro;blanieto@gmail.com;112645;1001;;2058;;149;;;;;;;;;;;;3787;;;;22002;;;;;;;4458;;;;;6403;;;;4451;;;;1756;;;;;4977;;;8147;;;;4348;;;;1469;;;10952;;;;5874;;;;;;;;;;;2788;;;;13274;;
166;16-02-2026 13:43;19;es;1099608903;16-02-2026 13:28;16-02-2026 13:43;Sí, autorizo el uso anónimo. ;de 25 a 34;Mujer;;Formación Profesional de Grado Superior (Ciclos Formativos de Grado Superior, FP II, Maestría Industrial);Nacionalidad española y residencia en España.;;Valencia;;;Industria Editorial y Publicación (Trabajo para editoriales, prensa o medios).;;Dibujante / Ilustradora;;Autora integral;;Autónoma con clientes habituales;6-10 años;Neutral / Equilibrada;Se ha mantenido igual;1-2 espacios;Raramente (menos del 30%);Frecuentemente;Piden realizar un numero de paginas abusivo con una calidad extraordinaria en un periodo de tiempo muy breve, por tanto si fuera una empleada normal claramente seria explotación laboral. ;Viable con apoyos: Vivo mayoritariamente del cómic, aunque realizo colaboraciones externas ocasionales.;Entre el SMI y 25.000 €;81 - 100%;Nada proporcional ;Raramente (menos de una vez al año) ;Influye totalmente;Preocupación alta;Frecuentemente: (Es una situación habitual o recurrente).;Sin acceso: No dispongo de mecanismo de apoyo. ;Inexistentes: No existen políticas de este tipo. ;Limita moderadamente ;No ;No aplica;Ocasionalmente ;Nunca ;;;No percibo barreras ;No hay sesgos ;No sé;Ninguna vinculación: No formo parte de ninguna estructura asociativa. ;Sí;No;No;No;Sí;Sí;No;No he buscado formación ;3-5 proyectos;1-2 proyectos ;Mayormente suficiente ;Rara vez: He rechazado menos de una cuarta parte de las ofertas.;No;No;No;No;Sí;No;Sí;Sí;No sé;Baja: Quizás, dependiendo del tipo de iniciativa.;Media;A veces;Poco;;;;;;En ninguna medida (Ningún impacto);Frecuentemente;Pesimista;Me preocupa el no tener ningun tipo de vacaciones, que exijan tantas paginas en un periodo de tiempo que imposibilite la posibilidad de un dia libre. Al igual que si decidiera tener un hijo, no podria ya que no puedo dejar de hacer paginas de comic y no cobrar. ;Otro;annikupineda@gmail.com;91071;2099;;1981;;13993;;;;;;;;;;;;4773;;;;1272;;;;;;;5028;;;;;3859;;;;3342;;;;2766;;;;;1936;;;5321;;;;4116;;;;2399;;;8973;;;;5308;;;;;;;;;;;3225;;;;9232;;
167;16-02-2026 14:17;19;es;562829869;16-02-2026 14:01;16-02-2026 14:17;Sí, autorizo el uso anónimo. ;de 35 a 44;Mujer;;Formación Profesional de Grado Superior (Ciclos Formativos de Grado Superior, FP II, Maestría Industrial);Nacionalidad española y residencia en España.;;Islas Baleares;;;Industria Editorial y Publicación (Trabajo para editoriales, prensa o medios).;;Dibujante / Ilustradora;;Divulgadora / Crítica;;Autónoma con clientes habituales;2-5 años;Desfavorable;Se ha mantenido igual;3-5 espacios;Frecuentemente (61-99%);Frecuentemente;Hay mucho desconocimiento con la propiedad intelectual de la autora y autor. Se sigue esperando que el precio del trabajo de el derecho completo sobre el mismo.;Muy precaria: El cómic es una actividad secundaria, necesito otros trabajos constantes para subsistir.;Menos de 5.000 €;0 - 20%;Nada proporcional ;Ocasionalmente (1-3 veces al año) ;Influye bastante;Preocupación alta;Frecuentemente: (Es una situación habitual o recurrente).;Acceso muy limitado: Solo en casos extremos o sin remuneración. ;Inexistentes: No existen políticas de este tipo. ;Limita moderadamente ;Sí, regularmente ;Mayoritariamente: Yo asumo la mayor parte de la carga. ;Ocasionalmente ;Ocasionalmente ;No denuncié por decisión propia (no lo consideré o preferí no hacerlo);;Barreras moderadas ;Sesgos moderados ;No existen redes;Vinculación moderada: Soy miembro, pero mi participación es nula o muy escasa. ;Sí;No;No;No;No;Sí;Sí;Acceso funcional: Accedo a formación útil de forma habitual.;1-2 proyectos;1-2 proyectos ;Insuficiente ;Rara vez: He rechazado menos de una cuarta parte de las ofertas.;Sí;No;No;No;Sí;No;No;Sí;Combinación de varios mecanismos;Moderada: Sí, pero con reservas por mi tiempo disponible.;Baja;Raramente;Parcialmente;;;;;;Moderadamente;Nunca;Pesimista;No, ninguna. Lo he visto muy completo.;Otro;fcgargiulo@gmail.com;97769;646;;1033;;16305;;;;;;;;;;;;7362;;;;21888;;;;;;;324;;;;;3481;;;;2971;;;;4224;;;;;1561;;;5509;;;;6865;;;;2237;;;8482;;;;4625;;;;;;;;;;;2728;;;;4612;;
169;16-02-2026 15:52;19;es;2117989978;16-02-2026 15:36;16-02-2026 15:52;Sí, autorizo el uso anónimo. ;de 18 a 24;Persona no binaria;;Formación Profesional de Grado Superior (Ciclos Formativos de Grado Superior, FP II, Maestría Industrial);Nacionalidad española y residencia en España.;;Zaragoza;;;Creación y Producción Artística (Estudio propio, taller, autoedición).;;Dibujante / Ilustradora;;Diseñadora gráfica;;Sin actividad remunerada en el sector;2-5 años;Muy desfavorable;Ha mejorado ligeramente;1-2 espacios;Frecuentemente (61-99%);Frecuentemente;Malamente remuneradas;Inviable: Mis ingresos dependo totalmente de otros trabajos o apoyos.;Menos de 5.000 €;0 - 20%;Poco proporcional ;Ocasionalmente (1-3 veces al año) ;Influye totalmente;Preocupación muy alta/ crítica;Raramente: (Situaciones muy aisladas o excepcionales).;Sin acceso: No dispongo de mecanismo de apoyo. ;Inexistentes: No existen políticas de este tipo. ;Limita moderadamente ;Sí, raramente;Mínimamente: En casos muy puntuales;Frecuentemente ;Nunca ;;;Barreras significativas ;Sesgos claros/evidentes;Sí, pero no participo en ella ;Vinculación moderada: Soy miembro, pero mi participación es nula o muy escasa. ;Sí;Sí;No;No;No;Sí;No;Acceso muy limitado: Formación escasa o difícil de localizar.;Ninguno;Ninguno ;Muy insuficiente ;Rara vez: He rechazado menos de una cuarta parte de las ofertas.;Sí;Sí;No;No;No;No;No;Sí;Revisión participativa con profesionales;Alta: Sí, deseo participar de forma activa.;Baja;Raramente;Parcialmente;;;;;;Totalmente (Ha condicionado toda mi carrera);Constantemente (Es una idea diaria/muy recurrente);Muy Pesimista (Lo veo imposible);;Lo consultaré en la web oficial sectorialcomic.com;;92584;2572;;118;;23765;;;;;;;;;;;;3078;;;;7401;;;;;;;379;;;;;39;;;;6697;;;;4335;;;;;1508;;;10189;;;;3033;;;;1503;;;1107;;;;5019;;;;;;;;;;;201;;;;1534;;
170;16-02-2026 16:05;19;es;1900715192;16-02-2026 15:52;16-02-2026 16:05;Sí, autorizo el uso anónimo. ;de 35 a 44;Mujer;;Enseñanza Universitaria de Segundo o Tercer Ciclo (Licenciatura, Máster Oficial, Doctorado, Especialidad médica);Nacionalidad española y residencia en España.;;Barcelona;;;Creación y Producción Artística (Estudio propio, taller, autoedición).;;Dibujante / Ilustradora;;Otro;tallerista;Freelance / Por proyectos puntuales;6-10 años;Desfavorable;Ha mejorado ligeramente;6-10 espacios;Raramente (menos del 30%);Ocasionalmente;se me canceló un encargo debido a la pandemia de covid 19 y no se me pagó el trabajo ya hecho. Y recientemente, he tenido problemas con una editorial que no ha revisado correctamente el trabajo que yo iba mandando y cuando ya estaba todo terminado me pidieron un cambio de formato y de paleta cromática. No he aceptado pero he tenido que lucharlo mucho.;Muy precaria: El cómic es una actividad secundaria, necesito otros trabajos constantes para subsistir.;Menos de 5.000 €;0 - 20%;Nada proporcional ;Ocasionalmente (1-3 veces al año) ;Influye totalmente;Preocupación moderada;Frecuentemente: (Es una situación habitual o recurrente).;Sin acceso: No dispongo de mecanismo de apoyo. ;Inexistentes: No existen políticas de este tipo. ;Limita moderadamente ;No ;No aplica;Frecuentemente ;Nunca ;;;No percibo barreras ;Sesgos claros/evidentes;No existen redes;Vinculación muy baja: Conozco su existencia, pero no soy miembro ni participo. ;Sí;No;Sí;No;No;No;Sí;Acceso muy limitado: Formación escasa o difícil de localizar.;1-2 proyectos;1-2 proyectos ;Muy insuficiente ;Rara vez: He rechazado menos de una cuarta parte de las ofertas.;Sí;No;No;No;Sí;No;Sí;No;Combinación de varios mecanismos;Moderada: Sí, pero con reservas por mi tiempo disponible.;Media;Frecuentemente;Parcialmente;;;;;;Moderadamente;Frecuentemente;Incertidumbre / Neutro;;Otro;marina.saez.rubio@gmail.com;77626;321;;4177;;12777;;;;;;;;;;;;2661;;;;14505;;;;;;;3534;;;;;2906;;;;3037;;;;201;;;;;2793;;;5712;;;;3312;;;;1868;;;873;;;;464;;;;;;;;;;;2996;;;;1647;;
171;16-02-2026 17:21;19;es;1657779453;16-02-2026 16:51;16-02-2026 17:21;Sí, autorizo el uso anónimo. ;75 y más;Mujer;;Enseñanza Universitaria de Segundo o Tercer Ciclo (Licenciatura, Máster Oficial, Doctorado, Especialidad médica);Nacionalidad española y residencia en España.;;Barcelona;;;Creación y Producción Artística (Estudio propio, taller, autoedición).;;Autora integral;;Divulgadora / Crítica;;Freelance / Por proyectos puntuales;Más de 15 años;Desfavorable;Ha mejorado significativamente;Más de 10 espacios;Frecuentemente (61-99%);Ocasionalmente;No se han rendido las debidas cuentas sobre las ventas;Viable con apoyos: Vivo mayoritariamente del cómic, aunque realizo colaboraciones externas ocasionales.;Entre el SMI y 25.000 €;41 - 60%;Parcialmente proporcional ;Raramente (menos de una vez al año) ;Influye muy poco;Preocupación baja;Ocasionalmente: (Sucede a veces, pero no es la tónica general).;Sin acceso: No dispongo de mecanismo de apoyo. ;No sé/No aplica a mi situación;Limita moderadamente ;No ;Compartida: El reparto es equitativo ;Raramente ;Raramente ;No aplica/Prefiero no responder;;Barreras moderadas ;Sesgos claros/evidentes;Sí, participo activamente ;Vinculación alta: Soy miembro y participo de forma puntual en actividades o asambleas. ;Sí;Sí;No;Sí;No;No;No;Acceso funcional: Accedo a formación útil de forma habitual.;6-10 proyectos;6-10 proyectos ;Mayormente suficiente ;Rara vez: He rechazado menos de una cuarta parte de las ofertas.;No;No;Sí;No;No;Sí;Sí;No;Combinación de varios mecanismos;Moderada: Sí, pero con reservas por mi tiempo disponible.;Total (Impongo mis condiciones);Siempre (Blindaje total);Totalmente (Libertad absoluta);;;;;;Totalmente (Ha condicionado toda mi carrera);Nunca;Optimista;;Otro;;164891;2081;;5075;;16389;;;;;;;;;;;;11223;;;;35126;;;;;;;7184;;;;;6673;;;;6911;;;;12298;;;;;4408;;;6242;;;;9488;;;;574;;;21179;;;;5617;;;;;;;;;;;7814;;;;1443;;
181;16-02-2026 22:23;19;es;1759112711;16-02-2026 22:08;16-02-2026 22:23;Sí, autorizo el uso anónimo. ;de 35 a 44;Mujer;;Enseñanza Universitaria de Segundo o Tercer Ciclo (Licenciatura, Máster Oficial, Doctorado, Especialidad médica);Nacionalidad española y residencia en España.;;Barcelona;;;Creación y Producción Artística (Estudio propio, taller, autoedición).;;Autora integral;;Dibujante / Ilustradora;;Sin actividad remunerada en el sector;2-5 años;Desfavorable;Ha mejorado ligeramente;1-2 espacios;Siempre (100% de mis trabajos);Frecuentemente;Salario insuficiente;Inviable: Mis ingresos dependo totalmente de otros trabajos o apoyos.;Menos de 5.000 €;0 - 20%;Nada proporcional ;Frecuentemente (más de 3 veces al año) ;Influye bastante;Preocupación alta;Frecuentemente: (Es una situación habitual o recurrente).;Sin acceso: No dispongo de mecanismo de apoyo. ;Inexistentes: No existen políticas de este tipo. ;Limita bastante ;No ;No aplica;Nunca ;Nunca ;;;Barreras significativas ;Sesgos claros/evidentes;No sé;Vinculación alta: Soy miembro y participo de forma puntual en actividades o asambleas. ;Sí;No;No;No;Sí;No;Sí;Acceso muy limitado: Formación escasa o difícil de localizar.;Ninguno;Ninguno ;Muy insuficiente ;Nunca: He aceptado todas las ofertas recibidas.;Sí;No;No;No;No;Sí;Sí;No;Combinación de varios mecanismos;Moderada: Sí, pero con reservas por mi tiempo disponible.;Nula (Acepto condiciones impuestas);Nunca;Parcialmente;;;;;;Moderadamente;A veces;Pesimista;;Otro;miriamvazquezabello@gmail.com;91176;3748;;2008;;12118;;;;;;;;;;;;5853;;;;7191;;;;;;;912;;;;;35;;;;2305;;;;4735;;;;;2717;;;6665;;;;5597;;;;1878;;;10599;;;;5187;;;;;;;;;;;4104;;;;3851;;
186;17-02-2026 1:52;19;es;1534365427;17-02-2026 1:37;17-02-2026 1:52;Sí, autorizo el uso anónimo. ;de 35 a 44;Mujer;;Enseñanza Universitaria de Segundo o Tercer Ciclo (Licenciatura, Máster Oficial, Doctorado, Especialidad médica);Residencia fuera de España con actividad profesional principal en el mercado español.;;;Cuba;Canarias;Industria Editorial y Publicación (Trabajo para editoriales, prensa o medios).;;Promotora / Comisaria o gestora cultural;;Guionista;;Freelance / Por proyectos puntuales;Más de 15 años;Desfavorable;Ha empeorado ligeramente;3-5 espacios;Ocasionalmente (31- 60%);Nunca;;Muy precaria: El cómic es una actividad secundaria, necesito otros trabajos constantes para subsistir.;Menos de 5.000 €;0 - 20%;Poco proporcional ;Frecuentemente (más de 3 veces al año) ;Influye bastante;Preocupación alta;Raramente: (Situaciones muy aisladas o excepcionales).;Acceso muy limitado: Solo en casos extremos o sin remuneración. ;Inexistentes: No existen políticas de este tipo. ;Limita muy poco ;Sí, regularmente ;Compartida: El reparto es equitativo ;Frecuentemente ;Raramente ;No aplica/Prefiero no responder;;Barreras significativas ;Sesgos claros/evidentes;Sí, pero no participo en ella ;Vinculación muy baja: Conozco su existencia, pero no soy miembro ni participo. ;Sí;Sí;No;No;Sí;No;No;Acceso muy limitado: Formación escasa o difícil de localizar.;1-2 proyectos;1-2 proyectos ;Muy insuficiente ;Nunca: He aceptado todas las ofertas recibidas.;No;No;No;No;No;Sí;Sí;Sí;Sanciones económicas por incumplimiento;Alta: Sí, deseo participar de forma activa.;;;;Baja;Parcialmente suficiente;Parcialmente respetada;Inclusión en currículos educativos y bibliotecas escolares.;;Bastante;Raramente;Optimista;;Lo consultaré en la web oficial sectorialcomic.com;;94438;1352;;2348;;12698;;;;;;;;;;;;4732;;;;8343;;;;;;;5994;;;;;7554;;;;8189;;;;4604;;;;;3395;;;7222;;;;2977;;;;2206;;;9812;;;;;;;;6894;;;;;;;4051;;;;2067;;
189;17-02-2026 11:23;19;es;619084876;17-02-2026 11:12;17-02-2026 11:23;Sí, autorizo el uso anónimo. ;de 25 a 34;Mujer;;Enseñanza Universitaria de Primer Ciclo o Grado (Diplomatura, Grado Universitario, Ingeniería/Arquitectura Técnica);Nacionalidad española y residencia en España.;;Barcelona;;;Industria Editorial y Publicación (Trabajo para editoriales, prensa o medios).;;Dibujante / Ilustradora;;Autora integral;;Freelance / Por proyectos puntuales;2-5 años;Desfavorable;Ha mejorado ligeramente;1-2 espacios;Raramente (menos del 30%);Frecuentemente;Presupuestos bajos, % de royalties bajo;Muy precaria: El cómic es una actividad secundaria, necesito otros trabajos constantes para subsistir.;Menos de 5.000 €;0 - 20%;Poco proporcional ;Ocasionalmente (1-3 veces al año) ;Influye bastante;Preocupación moderada;Raramente: (Situaciones muy aisladas o excepcionales).;Acceso muy limitado: Solo en casos extremos o sin remuneración. ;Inexistentes: No existen políticas de este tipo. ;Limita moderadamente ;No ;No aplica;Frecuentemente ;Nunca ;;;No percibo barreras ;Sesgos claros/evidentes;Sí, pero no participo en ella ;Vinculación moderada: Soy miembro, pero mi participación es nula o muy escasa. ;Sí;No;No;Sí;Sí;No;No;Acceso funcional: Accedo a formación útil de forma habitual.;3-5 proyectos;3-5 proyectos ;Insuficiente ;Rara vez: He rechazado menos de una cuarta parte de las ofertas.;Sí;No;No;No;Sí;Sí;No;No;No sé;Moderada: Sí, pero con reservas por mi tiempo disponible.;Baja;Frecuentemente;Parcialmente;;;;;;Moderadamente;Frecuentemente;Muy Pesimista (Lo veo imposible);;Lo consultaré en la web oficial sectorialcomic.com;;6598;304;;1115;;6272;;;;;;;;;;;;1676;;;;758;;;;;;;69;;;;;12415;;;;2457;;;;1882;;;;;1902;;;4076;;;;2775;;;;1176;;;6013;;;;6251;;;;;;;;;;;2302;;;;884;;
192;17-02-2026 15:00;19;es;2091986654;17-02-2026 14:49;17-02-2026 15:00;Sí, autorizo el uso anónimo. ;de 25 a 34;Mujer;;Enseñanza Universitaria de Primer Ciclo o Grado (Diplomatura, Grado Universitario, Ingeniería/Arquitectura Técnica);Nacionalidad española y residencia en España.;;Madrid;;;Creación y Producción Artística (Estudio propio, taller, autoedición).;;Dibujante / Ilustradora;;Diseñadora gráfica;;Freelance / Por proyectos puntuales;2-5 años;Favorable;Ha mejorado ligeramente;6-10 espacios;Ocasionalmente (31- 60%);Raramente;;Muy precaria: El cómic es una actividad secundaria, necesito otros trabajos constantes para subsistir.;Menos de 5.000 €;0 - 20%;Nada proporcional ;Ocasionalmente (1-3 veces al año) ;Influye moderadamente;Preocupación moderada;Frecuentemente: (Es una situación habitual o recurrente).;Sin acceso: No dispongo de mecanismo de apoyo. ;Inexistentes: No existen políticas de este tipo. ;Limita moderadamente ;No ;No aplica;Raramente ;Nunca ;;;Barreras mínimas ;Sesgos muy leves ;No sé;Vinculación alta: Soy miembro y participo de forma puntual en actividades o asambleas. ;Sí;No;No;No;No;Sí;Sí;Acceso muy limitado: Formación escasa o difícil de localizar.;6-10 proyectos;6-10 proyectos ;Insuficiente ;Rara vez: He rechazado menos de una cuarta parte de las ofertas.;Sí;No;No;No;Sí;No;No;Sí;Combinación de varios mecanismos;Moderada: Sí, pero con reservas por mi tiempo disponible.;Media;A veces;Totalmente (Libertad absoluta);;;;;;Bastante;A veces;Incertidumbre / Neutro;;Lo consultaré en la web oficial sectorialcomic.com;;63925;299;;404;;5289;;;;;;;;;;;;1737;;;;5249;;;;;;;3944;;;;;3733;;;;2796;;;;1873;;;;;2666;;;6308;;;;7543;;;;2006;;;8564;;;;6437;;;;;;;;;;;3852;;;;1225;;
193;17-02-2026 19:58;19;es;1581343342;17-02-2026 16:10;17-02-2026 19:58;Sí, autorizo el uso anónimo. ;de 45 a 54;Mujer;;Enseñanza Universitaria de Segundo o Tercer Ciclo (Licenciatura, Máster Oficial, Doctorado, Especialidad médica);Nacionalidad española y residencia en España.;;Zaragoza;;;Industria Editorial y Publicación (Trabajo para editoriales, prensa o medios).;;Dibujante / Ilustradora;;Colorista;;Freelance / Por proyectos puntuales;Más de 15 años;Muy desfavorable;Se ha mantenido igual;1-2 espacios;Ocasionalmente (31- 60%);Frecuentemente;"Tarifas que ""no pueden subir"" desde... ¿2005?";Muy precaria: El cómic es una actividad secundaria, necesito otros trabajos constantes para subsistir.;Menos de 5.000 €;0 - 20%;Nada proporcional ;Ocasionalmente (1-3 veces al año) ;Influye totalmente;Preocupación alta;Frecuentemente: (Es una situación habitual o recurrente).;Acceso muy limitado: Solo en casos extremos o sin remuneración. ;Inexistentes: No existen políticas de este tipo. ;Limita totalmente ;Sí, raramente;Ligeramente: Mi carga es secundaria ;Ocasionalmente ;Nunca ;;;Barreras significativas ;Sesgos muy acentuados y sistemáticos;Sí, pero es inaccesible o desconocida ;Vinculación alta: Soy miembro y participo de forma puntual en actividades o asambleas. ;Sí;Sí;Sí;No;No;No;No;Acceso parcial: Encuentro información, pero es incompleta o poco clara.;3-5 proyectos;1-2 proyectos ;Muy insuficiente ;Ocasionalmente: He rechazado aproximadamente la mitad de las ofertas.;Sí;No;No;No;Sí;No;Sí;No;Auditorías externas independientes;Moderada: Sí, pero con reservas por mi tiempo disponible.;Nula (Acepto condiciones impuestas);A veces;Bastante;;;;;;Bastante;Constantemente (Es una idea diaria/muy recurrente);Pesimista;;Lo consultaré en la web oficial sectorialcomic.com;;136778;247149;;1865;;102596;;;;;;;;;;;;6017;;;;14902;;;;;;;5073;;;;;8491;;;;659;;;;3568;;;;;3853;;;9679;;;;558;;;;289;;;14906;;;;5336;;;;;;;;;;;3966;;;;1956;;
198;17-02-2026 18:54;19;es;1449256427;17-02-2026 18:43;17-02-2026 18:54;Sí, autorizo el uso anónimo. ;de 35 a 44;Mujer;;Enseñanza Universitaria de Segundo o Tercer Ciclo (Licenciatura, Máster Oficial, Doctorado, Especialidad médica);Nacionalidad española y residencia en España.;;La Coruña;;;Creación y Producción Artística (Estudio propio, taller, autoedición).;;Autora integral;;Autora integral;;Freelance / Por proyectos puntuales;6-10 años;Muy desfavorable;Ha mejorado ligeramente;1-2 espacios;Frecuentemente (61-99%);Ocasionalmente;Cobrar muy poco y al mismo tiempo exigir por contrato cláusulas sin sentido como intentar que venda mis derechos de la imagen por 200 euros. ;Inviable: Mis ingresos dependo totalmente de otros trabajos o apoyos.;Menos de 5.000 €;0 - 20%;Nada proporcional ;Frecuentemente (más de 3 veces al año) ;Influye totalmente;Preocupación alta;Frecuentemente: (Es una situación habitual o recurrente).;Sin acceso: No dispongo de mecanismo de apoyo. ;Inexistentes: No existen políticas de este tipo. ;Limita totalmente ;Sí, raramente;Mínimamente: En casos muy puntuales;Ocasionalmente ;Ocasionalmente ;No aplica/Prefiero no responder;;Barreras significativas ;Sesgos claros/evidentes;Sí, pero es inaccesible o desconocida ;Vinculación muy baja: Conozco su existencia, pero no soy miembro ni participo. ;No;No;No;No;Sí;Sí;Sí;Acceso parcial: Encuentro información, pero es incompleta o poco clara.;1-2 proyectos;1-2 proyectos ;Totalmente suficiente ;Frecuentemente: He rechazado la mayoría de las ofertas.;Sí;Sí;No;No;No;Sí;No;No;No sé;Muy alta: Sí, especialmente en roles de gestión o liderazgo;Baja;A veces;Bastante;;;;;;Moderadamente;Constantemente (Es una idea diaria/muy recurrente);Pesimista;;Otro;teresaferreiropeleteiro@gmail.com;67242;723;;829;;8905;;;;;;;;;;;;2437;;;;12434;;;;;;;3435;;;;;2601;;;;2862;;;;3719;;;;;1853;;;6266;;;;3008;;;;1882;;;6535;;;;5372;;;;;;;;;;;2543;;;;1838;;
200;17-02-2026 19:55;19;es;1861581175;17-02-2026 19:37;17-02-2026 19:55;Sí, autorizo el uso anónimo. ;de 45 a 54;Mujer;;Enseñanza Universitaria de Segundo o Tercer Ciclo (Licenciatura, Máster Oficial, Doctorado, Especialidad médica);Nacionalidad española y residencia en España.;;Granada;;;Industria Editorial y Publicación (Trabajo para editoriales, prensa o medios).;;Dibujante / Ilustradora;;Diseñadora gráfica;;Freelance / Por proyectos puntuales;Más de 15 años;Desfavorable;Ha mejorado significativamente;3-5 espacios;Raramente (menos del 30%);Ocasionalmente;Poca trasparencia en las liquidaciones. Impagos en tratos con agentes literarios.;Inestable: Reparto mi tiempo entre el cómic y otras actividades para alcanzar el ingreso mínimo.;Menos de 5.000 €;21 - 40%;Poco proporcional ;Ocasionalmente (1-3 veces al año) ;Influye moderadamente;Preocupación moderada;Raramente: (Situaciones muy aisladas o excepcionales).;Acceso parcial: Existen algunos mecanismos, pero son difíciles de activar o poco claros. ;No sé/No aplica a mi situación;Limita muy poco ;Sí, raramente;Mínimamente: En casos muy puntuales;Frecuentemente ;Nunca ;;;Barreras moderadas ;Sesgos claros/evidentes;Sí, participo activamente ;Vinculación muy alta: Soy miembro y participo activamente (cargos de representación, grupos de trabajo o comisiones).;Sí;Sí;No;No;Sí;No;No;Acceso parcial: Encuentro información, pero es incompleta o poco clara.;3-5 proyectos;1-2 proyectos ;Parcialmente suficiente ;Nunca: He aceptado todas las ofertas recibidas.;Sí;No;No;Sí;No;No;Sí;No;Combinación de varios mecanismos;Moderada: Sí, pero con reservas por mi tiempo disponible.;Baja;Frecuentemente;Bastante;;;;;;Moderadamente;Nunca;Incertidumbre / Neutro;;Lo consultaré en la web oficial sectorialcomic.com;;114149;2577;;5872;;16858;;;;;;;;;;;;13722;;;;15956;;;;;;;4052;;;;;5018;;;;4109;;;;2646;;;;;3347;;;9328;;;;516;;;;2195;;;9118;;;;6103;;;;;;;;;;;3942;;;;4146;;
202;18-02-2026 5:06;19;es;1787618595;18-02-2026 4:14;18-02-2026 5:06;Sí, autorizo el uso anónimo. ;de 25 a 34;Mujer;;Enseñanza Universitaria de Primer Ciclo o Grado (Diplomatura, Grado Universitario, Ingeniería/Arquitectura Técnica);Nacionalidad española y residencia en España.;;Granada;;;Creación y Producción Artística (Estudio propio, taller, autoedición).;;Dibujante / Ilustradora;;Colorista;;Freelance / Por proyectos puntuales;2-5 años;Desfavorable;Se ha mantenido igual;Ninguno;Nunca;Ocasionalmente;He experimentado prácticas contractuales deficientes debido a una gestión de proyecto negligente. Firmé un contrato para un proyecto de larga duración que se mantuvo en pausa durante un año por problemas de derechos de autor ajenos a mí. Aunque no existía una cláusula de exclusividad, la magnitud del proyecto me obligaba a mantener mi agenda disponible para cumplir con los plazos en cuanto arrancara. Esto resultó en un bloqueo profesional de facto. Tras un año de espera, cancelaron el proyecto a la semana de empezar. La compensación económica no cubríos el coste de oportunidad de ese año perdido.;Inviable: Mis ingresos dependo totalmente de otros trabajos o apoyos.;Menos de 5.000 €;0 - 20%;Parcialmente proporcional ;Ocasionalmente (1-3 veces al año) ;Influye totalmente;Preocupación muy alta/ crítica;Frecuentemente: (Es una situación habitual o recurrente).;Acceso muy limitado: Solo en casos extremos o sin remuneración. ;Inexistentes: No existen políticas de este tipo. ;Limita moderadamente ;No ;No aplica;Raramente ;Nunca ;;;Barreras moderadas ;Sesgos claros/evidentes;No existen redes;Vinculación muy baja: Conozco su existencia, pero no soy miembro ni participo. ;Sí;Sí;Sí;No;No;No;No;Sin acceso: No encuentro formación sobre estos temas.;1-2 proyectos;1-2 proyectos ;Insuficiente ;Ocasionalmente: He rechazado aproximadamente la mitad de las ofertas.;Sí;No;No;No;No;No;Sí;Sí;Combinación de varios mecanismos;Moderada: Sí, pero con reservas por mi tiempo disponible.;Nula (Acepto condiciones impuestas);Nunca;Parcialmente;;;;;;Poco;Constantemente (Es una idea diaria/muy recurrente);Pesimista;;Lo consultaré en la web oficial sectorialcomic.com;;310116;6226;;5254;;18198;;;;;;;;;;;;5193;;;;101064;;;;;;;35841;;;;;4788;;;;4619;;;;14789;;;;;7796;;;24726;;;;5972;;;;4093;;;22034;;;;10907;;;;;;;;;;;10799;;;;27817;;
204;18-02-2026 20:50;19;es;230918580;18-02-2026 20:25;18-02-2026 20:50;Sí, autorizo el uso anónimo. ;de 35 a 44;Mujer;;Enseñanza Universitaria de Segundo o Tercer Ciclo (Licenciatura, Máster Oficial, Doctorado, Especialidad médica);Nacionalidad española y residencia en España.;;Sevilla;;;Industria Editorial y Publicación (Trabajo para editoriales, prensa o medios).;;Dibujante / Ilustradora;;Rotulista;;Autónoma con clientes habituales;6-10 años;Neutral / Equilibrada;Ha mejorado ligeramente;3-5 espacios;Ocasionalmente (31- 60%);Raramente;Falta de transparencia en las ventas.;Viable con apoyos: Vivo mayoritariamente del cómic, aunque realizo colaboraciones externas ocasionales.;Menos de 5.000 €;61 - 80%;Poco proporcional ;Raramente (menos de una vez al año) ;Influye bastante;Preocupación alta;Ocasionalmente: (Sucede a veces, pero no es la tónica general).;No sé / No aplica a mi situación;No sé/No aplica a mi situación;Limita moderadamente ;Sí, raramente;Mayoritariamente: Yo asumo la mayor parte de la carga. ;Ocasionalmente ;Nunca ;;;Barreras mínimas ;Sesgos moderados ;Sí, participo activamente ;Vinculación moderada: Soy miembro, pero mi participación es nula o muy escasa. ;No;Sí;Sí;No;Sí;No;No;Acceso parcial: Encuentro información, pero es incompleta o poco clara.;6-10 proyectos;3-5 proyectos ;Parcialmente suficiente ;Ocasionalmente: He rechazado aproximadamente la mitad de las ofertas.;Sí;No;No;No;No;Sí;No;Sí;No sé;Moderada: Sí, pero con reservas por mi tiempo disponible.;Media;Frecuentemente;Bastante;;;;;;Moderadamente;A veces;Incertidumbre / Neutro;;Lo consultaré en la web oficial sectorialcomic.com;;149076;6029;;2642;;14505;;;;;;;;;;;;8231;;;;23396;;;;;;;8189;;;;;8191;;;;8035;;;;7745;;;;;3888;;;9557;;;;9276;;;;5558;;;16473;;;;8804;;;;;;;;;;;6418;;;;2139;;
206;18-02-2026 23:23;19;es;1982643454;18-02-2026 23:08;18-02-2026 23:23;Sí, autorizo el uso anónimo. ;de 55 a 64;Mujer;;Bachillerato (Bachillerato LOGSE/LOE, BUP, COU, PREU);Nacionalidad española y residencia en España.;;Santa Cruz de Tenerife;;;Industria Editorial y Publicación (Trabajo para editoriales, prensa o medios).;;Diseñadora gráfica;;Maquetista;;Asalariada con contrato indefinido;11-15 años;Neutral / Equilibrada;Ha mejorado ligeramente;3-5 espacios;Raramente (menos del 30%);Nunca;;Plenamente estable: Vivo exclusivamente y de forma estable de mi actividad profesional en el cómic.;Entre el SMI y 25.000 €;81 - 100%;Mayormente proporcional ;Nunca;No influye en absoluto;Preocupación moderada;Nunca: (Representa la ausencia total de estos síntomas).;Acceso completo: Dispongo de protocolos claros, remunerados y de fácil acceso.;Efectivas: Son medidas funcionales que ofrecen un apoyo real y preventivo ;No limita en absoluto ;No ;No aplica;Raramente ;Nunca ;;;No percibo barreras ;No hay sesgos ;Sí, pero no participo en ella ;Ninguna vinculación: No formo parte de ninguna estructura asociativa. ;Sí;Sí;No;Sí;No;No;No;Acceso fácil y regular: Tengo acceso sencillo a recursos formativos de alta calidad.;Más de 10 proyectos;Más de 10 proyectos ;Mayormente suficiente ;Nunca: He aceptado todas las ofertas recibidas.;Sí;Sí;No;No;No;No;Sí;No;Combinación de varios mecanismos;Moderada: Sí, pero con reservas por mi tiempo disponible.;;;;Alta;Suficiente;Totalmente respetada;Creación de archivos digitales y bases de datos de acceso libre.;;En ninguna medida (Ningún impacto);Raramente;Optimista;;Otro;;80395;682;;2179;;15618;;;;;;;;;;;;393;;;;7271;;;;;;;3926;;;;;3206;;;;4326;;;;2579;;;;;2394;;;6393;;;;6187;;;;2426;;;71;;;;;;;;6649;;;;;;;3989;;;;154;;
210;19-02-2026 13:21;19;es;1789082578;19-02-2026 13:00;19-02-2026 13:21;Sí, autorizo el uso anónimo. ;de 45 a 54;Mujer;;Secundaria (Título de la ESO, Graduado Escolar, Bachiller Elemental);Nacionalidad española y residencia en España.;;Alicante;;;Comercio y Distribución (Librerías, tiendas especializadas, ferias).;;Librera;;Librera;;Asalariada con contrato indefinido;Más de 15 años;Desfavorable;Ha mejorado ligeramente;Ninguno;Nunca;Nunca;;Viable con apoyos: Vivo mayoritariamente del cómic, aunque realizo colaboraciones externas ocasionales.;Entre 5.001 € y el Salario Mínimo Interprofesional (aprox. 15.876 €);41 - 60%;Nada proporcional ;Nunca;Influye bastante;Preocupación moderada;Ocasionalmente: (Sucede a veces, pero no es la tónica general).;No sé / No aplica a mi situación;No sé/No aplica a mi situación;Limita moderadamente ;Sí, raramente;Mínimamente: En casos muy puntuales;Nunca ;Nunca ;;;Barreras mínimas ;Sesgos moderados ;Sí, pero no participo en ella ;Vinculación muy baja: Conozco su existencia, pero no soy miembro ni participo. ;Sí;Sí;No;Sí;No;No;No;Acceso funcional: Accedo a formación útil de forma habitual.;1-2 proyectos;1-2 proyectos ;Insuficiente ;Rara vez: He rechazado menos de una cuarta parte de las ofertas.;Sí;No;No;Sí;No;No;Sí;No;Combinación de varios mecanismos;Moderada: Sí, pero con reservas por mi tiempo disponible.;;;;Nula;Parcialmente suficiente;Totalmente respetada;Exposiciones retrospectivas en museos y centros de arte.;Descatalogación rápida o falta de reimpresión de títulos clave.;Poco;A veces;Incertidumbre / Neutro;La mujer sea en el sector que sea se implica mas en la carga de trabajo que los hombres.;Otro;30mamen@gmail.com;125329;1624;;1467;;11684;;;;;;;;;;;;12169;;;;19115;;;;;;;6245;;;;;6956;;;;6094;;;;1636;;;;;4085;;;9707;;;;7112;;;;2803;;;82;;;;;;;;8856;;;;;3516;;4594;;;;9466;;
214;19-02-2026 14:31;19;es;1905848261;19-02-2026 14:07;19-02-2026 14:31;Sí, autorizo el uso anónimo. ;de 35 a 44;Mujer;;Enseñanza Universitaria de Segundo o Tercer Ciclo (Licenciatura, Máster Oficial, Doctorado, Especialidad médica);Nacionalidad española y residencia en España.;;Granada;;;Comercio y Distribución (Librerías, tiendas especializadas, ferias).;;Librera;;Divulgadora / Crítica;;Autónoma con clientes habituales;6-10 años;Desfavorable;Ha mejorado ligeramente;Más de 10 espacios;Raramente (menos del 30%);Raramente;Sin contrato;Inestable: Reparto mi tiempo entre el cómic y otras actividades para alcanzar el ingreso mínimo.;Entre 25.001 € y 40.000 €;81 - 100%;Poco proporcional ;Frecuentemente (más de 3 veces al año) ;Influye bastante;Preocupación muy alta/ crítica;Frecuentemente: (Es una situación habitual o recurrente).;Acceso muy limitado: Solo en casos extremos o sin remuneración. ;Inexistentes: No existen políticas de este tipo. ;Limita bastante ;Sí, siempre ;Completamente: Recae exclusivamente en mí. ;Frecuentemente ;Raramente ;No denuncié por temor a represalias o medio a consecuencias;;Barreras mínimas ;Sesgos claros/evidentes;Sí, participo activamente ;Vinculación alta: Soy miembro y participo de forma puntual en actividades o asambleas. ;No;Sí;No;Sí;Sí;No;No;Acceso funcional: Accedo a formación útil de forma habitual.;Ninguno;Ninguno ;Insuficiente ;Ocasionalmente: He rechazado aproximadamente la mitad de las ofertas.;No;Sí;No;No;No;Sí;Sí;No;Combinación de varios mecanismos;Muy alta: Sí, especialmente en roles de gestión o liderazgo;;;;Alta;Insuficiente;Muy respetada;Programación de mesas redondas y presencia en festivales.;Dificultad para acceder a catálogos de editoriales independientes/pequeñas.;Bastante;Constantemente (Es una idea diaria/muy recurrente);Pesimista;Perdí mi tienda en diciembre ;Lo consultaré en la web oficial sectorialcomic.com;;143498;2906;;2008;;31392;;;;;;;;;;;;6843;;;;18588;;;;;;;3409;;;;;15987;;;;3869;;;;7703;;;;;2084;;;5687;;;;5895;;;;172;;;10125;;;;;;;;11107;;;;;4864;;4612;;;;4699;;
217;19-02-2026 15:02;19;es;1374533931;19-02-2026 14:30;19-02-2026 15:02;Sí, autorizo el uso anónimo. ;de 35 a 44;Mujer;;Enseñanza Universitaria de Segundo o Tercer Ciclo (Licenciatura, Máster Oficial, Doctorado, Especialidad médica);Nacionalidad española y residencia en España.;;Barcelona;;;Docencia e Investigación (Universidades, escuelas de arte, talleres).;;Autora integral;;Guionista;;Autónoma con clientes habituales;11-15 años;Desfavorable;Ha mejorado ligeramente;Ninguno;Frecuentemente (61-99%);Muy frecuentemente;Me han pedido a menudo trabajar como falso autónomo.;Muy precaria: El cómic es una actividad secundaria, necesito otros trabajos constantes para subsistir.;Menos de 5.000 €;0 - 20%;Nada proporcional ;Ocasionalmente (1-3 veces al año) ;Influye totalmente;Preocupación alta;Constantemente / Siempre: (Representa un estado crónico o diario);Acceso muy limitado: Solo en casos extremos o sin remuneración. ;Inexistentes: No existen políticas de este tipo. ;Limita moderadamente ;No ;No aplica;Frecuentemente ;Raramente ;No denuncié por decisión propia (no lo consideré o preferí no hacerlo);;Barreras significativas ;Sesgos moderados ;Sí, pero no participo en ella ;Vinculación muy baja: Conozco su existencia, pero no soy miembro ni participo. ;No;Sí;No;No;No;Sí;Sí;Acceso parcial: Encuentro información, pero es incompleta o poco clara.;Ninguno;1-2 proyectos ;Insuficiente ;Ocasionalmente: He rechazado aproximadamente la mitad de las ofertas.;Sí;Sí;No;No;Sí;No;No;No;Combinación de varios mecanismos;Moderada: Sí, pero con reservas por mi tiempo disponible.;Nula (Acepto condiciones impuestas);Raramente;Nada (Presión constante);;;;;;Moderadamente;Constantemente (Es una idea diaria/muy recurrente);Incertidumbre / Neutro;Hay aspectos que no se han tenido en cuenta, como el hecho de que determinadla estilos de dibujo o los temas de las historias también pueden estar condicionados al género de quienes quieren crear la obra.;Otro;mintonia.marian@gmail.com;193869;1767;;1657;;24931;;;;;;;;;;;;6455;;;;77715;;;;;;;4147;;;;;8202;;;;4348;;;;3941;;;;;1763;;;17027;;;;5733;;;;2139;;;8641;;;;4574;;;;;;;;;;;343;;;;17399;;
219;19-02-2026 17:15;19;es;625369754;19-02-2026 17:04;19-02-2026 17:15;Sí, autorizo el uso anónimo. ;de 35 a 44;Mujer;;Enseñanza Universitaria de Segundo o Tercer Ciclo (Licenciatura, Máster Oficial, Doctorado, Especialidad médica);Nacionalidad española y residencia en España.;;Pontevedra;;;Industria Editorial y Publicación (Trabajo para editoriales, prensa o medios).;;Autora integral;;Dibujante / Ilustradora;;Autónoma con clientes habituales;6-10 años;Favorable;Ha mejorado significativamente;Más de 10 espacios;Nunca;Raramente;;Viable con apoyos: Vivo mayoritariamente del cómic, aunque realizo colaboraciones externas ocasionales.;Entre el SMI y 25.000 €;81 - 100%;Parcialmente proporcional ;Nunca;Influye moderadamente;Preocupación moderada;Raramente: (Situaciones muy aisladas o excepcionales).;No sé / No aplica a mi situación;No sé/No aplica a mi situación;Limita moderadamente ;Sí, siempre ;Compartida: El reparto es equitativo ;Ocasionalmente ;Nunca ;;;No percibo barreras ;Sesgos moderados ;No sé;Vinculación moderada: Soy miembro, pero mi participación es nula o muy escasa. ;No;Sí;No;No;Sí;Sí;No;No he buscado formación ;3-5 proyectos;1-2 proyectos ;Parcialmente suficiente ;Rara vez: He rechazado menos de una cuarta parte de las ofertas.;Sí;Sí;No;Sí;No;No;No;No;No sé;Baja: Quizás, dependiendo del tipo de iniciativa.;Alta;Frecuentemente;Totalmente (Libertad absoluta);;;;;;Poco;Nunca;Muy optimista (Lo veo viable y seguro);;Lo consultaré en la web oficial sectorialcomic.com;;65861;32;;936;;9168;;;;;;;;;;;;2466;;;;8182;;;;;;;3702;;;;;4192;;;;2964;;;;1536;;;;;1868;;;7526;;;;3771;;;;1815;;;10398;;;;3829;;;;;;;;;;;2204;;;;984;;
220;19-02-2026 17:48;19;es;2101506779;19-02-2026 17:20;19-02-2026 17:48;Sí, autorizo el uso anónimo. ;de 45 a 54;Mujer;;Enseñanza Universitaria de Segundo o Tercer Ciclo (Licenciatura, Máster Oficial, Doctorado, Especialidad médica);Nacionalidad española y residencia en España.;;Granada;;;Industria Editorial y Publicación (Trabajo para editoriales, prensa o medios).;;Editora / Responsable editorial;;Otro;Correctora;Autónoma con clientes habituales;6-10 años;Desfavorable;Se ha mantenido igual;1-2 espacios;Raramente (menos del 30%);Nunca;;Inviable: Mis ingresos dependo totalmente de otros trabajos o apoyos.;Entre 5.001 € y el Salario Mínimo Interprofesional (aprox. 15.876 €);21 - 40%;Nada proporcional ;Ocasionalmente (1-3 veces al año) ;Influye totalmente;Preocupación muy alta/ crítica;Frecuentemente: (Es una situación habitual o recurrente).;Sin acceso: No dispongo de mecanismo de apoyo. ;Inexistentes: No existen políticas de este tipo. ;Limita bastante ;Sí, siempre ;Completamente: Recae exclusivamente en mí. ;Constantemente / En múltiples ocasiones;Constantemente / En múltiples ocasiones;Comunicación informalmente (compañeros, redes sociales, entorno directo) ;Respuesta insuficiente;Barreras significativas ;Sesgos claros/evidentes;Sí, pero no participo en ella ;Vinculación moderada: Soy miembro, pero mi participación es nula o muy escasa. ;Sí;Sí;No;No;Sí;No;No;Acceso muy limitado: Formación escasa o difícil de localizar.;6-10 proyectos;Ninguno ;Insuficiente ;Frecuentemente: He rechazado la mayoría de las ofertas.;No;Sí;No;No;No;Sí;Sí;No;No sé;Moderada: Sí, pero con reservas por mi tiempo disponible.;;;;Media;Insuficiente;Parcialmente respetada;Inclusión en currículos educativos y bibliotecas escolares.;;Moderadamente;Constantemente (Es una idea diaria/muy recurrente);Pesimista;Como editora y jefa editorial, varias preguntas no se aplican, ya que están mas orientadas a creadores freelance. Nuestros problemas suelen estar en conciliación, conseguir financiación donde hay fuerte discriminación por género, condescendencia y dificultad para tener mayor representación en jurados y equipos de toma de decisiones transversales, falta de becas, formación y subvenciones.;Otro;laboral.cristina@gmail.com;168956;2016;;2531;;13757;;;;;;;;;;;;3479;;;;1383;;;;;;;5674;;;;;419;;;;2987;;;;1407;;;;;3032;;;10177;;;;6146;;;;2802;;;11208;;;;;;;;867;;;;;;;4053;;;;60334;;
221;19-02-2026 17:56;19;es;1158999079;19-02-2026 17:46;19-02-2026 17:56;Sí, autorizo el uso anónimo. ;de 45 a 54;Mujer;;Enseñanza Universitaria de Primer Ciclo o Grado (Diplomatura, Grado Universitario, Ingeniería/Arquitectura Técnica);Nacionalidad española y residencia en España.;;Alicante;;;Comercio y Distribución (Librerías, tiendas especializadas, ferias).;;Librera;;Ninguno;;Asalariada con contrato indefinido;11-15 años;Muy favorable;Ha mejorado significativamente;3-5 espacios;Raramente (menos del 30%);Nunca;;Plenamente estable: Vivo exclusivamente y de forma estable de mi actividad profesional en el cómic.;Entre 5.001 € y el Salario Mínimo Interprofesional (aprox. 15.876 €);81 - 100%;Totalmente proporcional;Nunca;Influye moderadamente;Preocupación baja;Raramente: (Situaciones muy aisladas o excepcionales).;Sin acceso: No dispongo de mecanismo de apoyo. ;Inexistentes: No existen políticas de este tipo. ;No limita en absoluto ;Sí, siempre ;Completamente: Recae exclusivamente en mí. ;Constantemente / En múltiples ocasiones;Nunca ;;;Barreras mínimas ;Sesgos claros/evidentes;No existen redes;Vinculación muy baja: Conozco su existencia, pero no soy miembro ni participo. ;No;No;No;Sí;Sí;No;Sí;Sin acceso: No encuentro formación sobre estos temas.;Ninguno;Ninguno ;Muy insuficiente ;Nunca: He aceptado todas las ofertas recibidas.;Sí;No;No;No;Sí;No;No;Sí;Combinación de varios mecanismos;Baja: Quizás, dependiendo del tipo de iniciativa.;;;;Nula;Muy Insuficiente;Poco respetada;Programación de mesas redondas y presencia en festivales.;Condiciones de devolución o depósito poco flexibles por parte de distribuidoras.;Poco;Nunca;Optimista;;Lo consultaré en la web oficial sectorialcomic.com;;6162;202;;1194;;10513;;;;;;;;;;;;2995;;;;4849;;;;;;;2849;;;;;3334;;;;2224;;;;1757;;;;;1734;;;3878;;;;2006;;;;1221;;;3549;;;;;;;;7918;;;;;1713;;1951;;;;5915;;
223;19-02-2026 20:00;19;es;604582097;19-02-2026 19:33;19-02-2026 20:00;Sí, autorizo el uso anónimo. ;de 25 a 34;Mujer;;Formación Profesional de Grado Superior (Ciclos Formativos de Grado Superior, FP II, Maestría Industrial);Nacionalidad española y residencia en España.;;Barcelona;;;Industria Editorial y Publicación (Trabajo para editoriales, prensa o medios).;;Diseñadora gráfica;;Maquetista;;Asalariada con contrato indefinido;6-10 años;Neutral / Equilibrada;Se ha mantenido igual;Ninguno;Nunca;Nunca;;Viable con apoyos: Vivo mayoritariamente del cómic, aunque realizo colaboraciones externas ocasionales.;Entre el SMI y 25.000 €;81 - 100%;Poco proporcional ;Nunca;Influye moderadamente;Preocupación baja;Constantemente / Siempre: (Representa un estado crónico o diario);Acceso funcional: Los mecanismos son conocidos y habitualmente accesibles cuando se necesitan.;Inexistentes: No existen políticas de este tipo. ;Limita moderadamente ;No ;No aplica;Ocasionalmente ;Nunca ;;;Barreras moderadas ;Sesgos moderados ;No sé;Ninguna vinculación: No formo parte de ninguna estructura asociativa. ;No;Sí;No;No;Sí;Sí;No;Sin acceso: No encuentro formación sobre estos temas.;Más de 10 proyectos;Más de 10 proyectos ;Parcialmente suficiente ;Ocasionalmente: He rechazado aproximadamente la mitad de las ofertas.;No;Sí;No;Sí;Sí;No;No;No;Auditorías externas independientes;Moderada: Sí, pero con reservas por mi tiempo disponible.;;;;Nula;Insuficiente;Muy respetada;Inclusión en currículos educativos y bibliotecas escolares.;;Poco;Frecuentemente;Incertidumbre / Neutro;Muchas de las respuestas que he dado sobre mis vivencias, no sé si han sido porque soy mujer, joven o porque es sector es complicado ;Lo consultaré en la web oficial sectorialcomic.com;;16244;3468;;2308;;9749;;;;;;;;;;;;3488;;;;14884;;;;;;;7107;;;;;5274;;;;359;;;;2688;;;;;2618;;;7655;;;;6894;;;;1867;;;17397;;;;;;;;20226;;;;;;;8394;;;;44833;;
224;19-02-2026 19:55;19;es;69671052;19-02-2026 19:41;19-02-2026 19:55;Sí, autorizo el uso anónimo. ;de 25 a 34;Mujer;;Enseñanza Universitaria de Primer Ciclo o Grado (Diplomatura, Grado Universitario, Ingeniería/Arquitectura Técnica);Nacionalidad española y residencia en España.;;Barcelona;;;Industria Editorial y Publicación (Trabajo para editoriales, prensa o medios).;;Editora / Responsable editorial;;Dibujante / Ilustradora;;Asalariada con contrato indefinido;2-5 años;Desfavorable;Ha mejorado ligeramente;3-5 espacios;Nunca;Raramente;Expectativas de trabajo superiores a las acordadas por contrato.;Inestable: Reparto mi tiempo entre el cómic y otras actividades para alcanzar el ingreso mínimo.;Entre el SMI y 25.000 €;81 - 100%;Mayormente proporcional ;Nunca;Influye totalmente;Preocupación alta;Raramente: (Situaciones muy aisladas o excepcionales).;Acceso funcional: Los mecanismos son conocidos y habitualmente accesibles cuando se necesitan.;Insuficientes: Ofrecen un apoyo básico y se aplican, pero es muy limitado para las necesidades del sector ;Limita moderadamente ;No ;No aplica;Ocasionalmente ;Nunca ;;;Barreras mínimas ;No hay sesgos ;No sé;Vinculación muy baja: Conozco su existencia, pero no soy miembro ni participo. ;Sí;No;No;Sí;Sí;No;No;No he buscado formación ;Ninguno;Más de 10 proyectos ;Insuficiente ;Rara vez: He rechazado menos de una cuarta parte de las ofertas.;Sí;Sí;No;No;Sí;No;No;No;No sé;Baja: Quizás, dependiendo del tipo de iniciativa.;;;;Media;Parcialmente suficiente;Parcialmente respetada;Reedición y restauración de obras descatalogadas.;;Poco;Nunca;Optimista;"Hay que tener encuenta que, en cuanto a respeto y oportunidades, muchas veces no influye SÓLO el ser mujer; también hay un sesgo específicos hacia las mujeres JÓVENES que causa bastante impacto, cuando la juventud no tiene que ir de la mano de la inexperiencia. Además, en ocasiones el elemento de juventud parece también una excusa para ajustar al máximo posible los sueldos, lo cual también me resulta profundamente injusto.";Lo consultaré en la web oficial sectorialcomic.com;;8684;611;;855;;8107;;;;;;;;;;;;2661;;;;7782;;;;;;;3704;;;;;3469;;;;2337;;;;3609;;;;;1621;;;6274;;;;3996;;;;184;;;6692;;;;;;;;12864;;;;;;;6664;;;;13754;;
225;19-02-2026 20:53;19;es;1410105812;19-02-2026 20:40;19-02-2026 20:53;Sí, autorizo el uso anónimo. ;de 35 a 44;Mujer;;Enseñanza Universitaria de Segundo o Tercer Ciclo (Licenciatura, Máster Oficial, Doctorado, Especialidad médica);Nacionalidad española y residencia en España.;;Madrid;;;Industria Editorial y Publicación (Trabajo para editoriales, prensa o medios).;;Editora / Responsable editorial;;Librera;;Sin actividad remunerada en el sector;6-10 años;Desfavorable;Se ha mantenido igual;3-5 espacios;Frecuentemente (61-99%);Ocasionalmente;Trabajo editorial y en ferias sin remuneración.;Inviable: Mis ingresos dependo totalmente de otros trabajos o apoyos.;Menos de 5.000 €;0 - 20%;Nada proporcional ;Ocasionalmente (1-3 veces al año) ;Influye bastante;Preocupación muy alta/ crítica;Constantemente / Siempre: (Representa un estado crónico o diario);Sin acceso: No dispongo de mecanismo de apoyo. ;Inexistentes: No existen políticas de este tipo. ;Limita muy poco ;Sí, raramente;Compartida: El reparto es equitativo ;Ocasionalmente ;Nunca ;;;Barreras moderadas ;Sesgos claros/evidentes;No sé;Ninguna vinculación: No formo parte de ninguna estructura asociativa. ;Sí;Sí;No;No;Sí;No;No;No he buscado formación ;3-5 proyectos;1-2 proyectos ;Muy insuficiente ;Ocasionalmente: He rechazado aproximadamente la mitad de las ofertas.;No;Sí;Sí;Sí;No;No;No;No;No sé;Moderada: Sí, pero con reservas por mi tiempo disponible.;;;;Baja;Insuficiente;Parcialmente respetada;Exposiciones retrospectivas en museos y centros de arte.;;Poco;Frecuentemente;Muy Pesimista (Lo veo imposible);;Otro;vickymarzoabaje@gmail.com;78908;954;;1758;;7633;;;;;;;;;;;;3257;;;;7403;;;;;;;4989;;;;;3841;;;;3222;;;;3704;;;;;2873;;;5569;;;;352;;;;3128;;;8621;;;;;;;;8997;;;;;;;3184;;;;6255;;
227;20-02-2026 9:58;19;es;1680163502;20-02-2026 9:29;20-02-2026 9:58;Sí, autorizo el uso anónimo. ;de 25 a 34;Mujer;;Enseñanza Universitaria de Primer Ciclo o Grado (Diplomatura, Grado Universitario, Ingeniería/Arquitectura Técnica);Nacionalidad española y residencia en España.;;Barcelona;;;Industria Editorial y Publicación (Trabajo para editoriales, prensa o medios).;;Otro;Comercial;Editora / Responsable editorial;;Asalariada con contrato indefinido;2-5 años;Desfavorable;Ha mejorado ligeramente;1-2 espacios;Raramente (menos del 30%);Raramente;Más horas de trabajo de lo acordado, no remuneradas.;Plenamente estable: Vivo exclusivamente y de forma estable de mi actividad profesional en el cómic.;Entre el SMI y 25.000 €;81 - 100%;Parcialmente proporcional ;Raramente (menos de una vez al año) ;Influye moderadamente;Preocupación baja;Ocasionalmente: (Sucede a veces, pero no es la tónica general).;No sé / No aplica a mi situación;Ineficaces: Existen formalmente pero no sirven en la práctica. ;Limita muy poco ;No ;No aplica;Raramente ;Nunca ;;;No percibo barreras ;Sesgos muy leves ;No sé;Ninguna vinculación: No formo parte de ninguna estructura asociativa. ;Sí;No;No;Sí;Sí;No;No;Acceso parcial: Encuentro información, pero es incompleta o poco clara.;Más de 10 proyectos;Más de 10 proyectos ;Mayormente suficiente ;Nunca: He aceptado todas las ofertas recibidas.;Sí;No;Sí;No;Sí;No;No;No;Auditorías externas independientes;Moderada: Sí, pero con reservas por mi tiempo disponible.;;;;;;;;;Poco;Raramente;Optimista;En mi caso, por mi puesto laboral, creo que mis respuestas no son tan representativas del sector como lo serían la de autoras, editoras, traductoras, etc. Creo fervientemente que sus situaciones están en mayor desventaja que en mi caso, que por suerte me permite ser optimista.;Lo consultaré en la web oficial sectorialcomic.com;;168556;526;;1396;;108318;;;;;;;;;;;;3707;;;;11395;;;;;;;4493;;;;;4245;;;;1498;;;;2367;;;;;2331;;;3426;;;;5126;;;;1249;;;6998;;;;;;;;;;;;;;;1693;;;;9788;;
230;20-02-2026 11:19;19;es;1740568526;20-02-2026 10:10;20-02-2026 11:19;Sí, autorizo el uso anónimo. ;de 25 a 34;Mujer;;Enseñanza Universitaria de Primer Ciclo o Grado (Diplomatura, Grado Universitario, Ingeniería/Arquitectura Técnica);Nacionalidad española y residencia en España.;;Barcelona;;;Industria Editorial y Publicación (Trabajo para editoriales, prensa o medios).;;Otro;Producción ;Otro;Producción;Asalariada con contrato indefinido;2-5 años;Neutral / Equilibrada;Se ha mantenido igual;Ninguno;Nunca;Nunca;;Plenamente estable: Vivo exclusivamente y de forma estable de mi actividad profesional en el cómic.;Entre el SMI y 25.000 €;81 - 100%;Parcialmente proporcional ;Nunca;Influye muy poco;Preocupación baja;Frecuentemente: (Es una situación habitual o recurrente).;Acceso parcial: Existen algunos mecanismos, pero son difíciles de activar o poco claros. ;Inexistentes: No existen políticas de este tipo. ;Limita moderadamente ;No ;No aplica;Ocasionalmente ;Raramente ;No denuncié por temor a represalias o medio a consecuencias;;Barreras significativas ;Sesgos claros/evidentes;No existen redes;Ninguna vinculación: No formo parte de ninguna estructura asociativa. ;Sí;No;No;Sí;Sí;No;No;Sin acceso: No encuentro formación sobre estos temas.;Ninguno;Ninguno ;Insuficiente ;Nunca: He aceptado todas las ofertas recibidas.;Sí;No;No;No;Sí;No;Sí;No;Combinación de varios mecanismos;Moderada: Sí, pero con reservas por mi tiempo disponible.;;;;;;;;;Bastante;Frecuentemente;Incertidumbre / Neutro;;Lo consultaré en la web oficial sectorialcomic.com;;412716;1213;;2284;;31438;;;;;;;;;;;;8792;;;;9951;;;;;;;3817;;;;;4889;;;;4021;;;;13229;;;;;3111;;;5793;;;;83356;;;;2809;;;178507;;;;;;;;;;;;;;;58106;;;;14;;
231;20-02-2026 11:09;19;es;1869188672;20-02-2026 10:27;20-02-2026 11:09;Sí, autorizo el uso anónimo. ;de 25 a 34;Mujer;;Formación Profesional de Grado Superior (Ciclos Formativos de Grado Superior, FP II, Maestría Industrial);Nacionalidad española y residencia en España.;;Barcelona;;;Comercio y Distribución (Librerías, tiendas especializadas, ferias).;;Otro;Comercial / distribución / asistente editorial;Librera;;Asalariada con contrato indefinido;6-10 años;Desfavorable;Ha mejorado ligeramente;6-10 espacios;Raramente (menos del 30%);Ocasionalmente;Muchas horas no remuneradas fuera del horario laboral;Viable con apoyos: Vivo mayoritariamente del cómic, aunque realizo colaboraciones externas ocasionales.;Entre el SMI y 25.000 €;81 - 100%;Poco proporcional ;Raramente (menos de una vez al año) ;Influye totalmente;Preocupación muy alta/ crítica;Ocasionalmente: (Sucede a veces, pero no es la tónica general).;Acceso parcial: Existen algunos mecanismos, pero son difíciles de activar o poco claros. ;Inexistentes: No existen políticas de este tipo. ;Limita moderadamente ;No ;No aplica;Ocasionalmente ;Nunca ;;;Barreras insuperables;Sesgos claros/evidentes;No sé;Ninguna vinculación: No formo parte de ninguna estructura asociativa. ;No;No;Sí;Sí;Sí;No;No;Acceso muy limitado: Formación escasa o difícil de localizar.;Ninguno;Ninguno ;Muy insuficiente ;Nunca: He aceptado todas las ofertas recibidas.;Sí;Sí;No;No;Sí;No;No;No;Certificaciones de igualdad;Moderada: Sí, pero con reservas por mi tiempo disponible.;;;;;;;;;Moderadamente;Frecuentemente;Muy Pesimista (Lo veo imposible);;Otro;jumav26@gmail.com;253422;140854;;1349;;16303;;;;;;;;;;;;5087;;;;16454;;;;;;;6367;;;;;9333;;;;2351;;;;2097;;;;;3048;;;19897;;;;8752;;;;2606;;;13839;;;;;;;;;;;;;;;3245;;;;184;;
232;20-02-2026 10:52;19;es;699518464;20-02-2026 10:33;20-02-2026 10:52;Sí, autorizo el uso anónimo. ;de 25 a 34;Mujer;;Enseñanza Universitaria de Segundo o Tercer Ciclo (Licenciatura, Máster Oficial, Doctorado, Especialidad médica);Nacionalidad española y residencia en España.;;Barcelona;;;Industria Editorial y Publicación (Trabajo para editoriales, prensa o medios).;;Editora / Responsable editorial;;Redactora;;Asalariada con contrato indefinido;2-5 años;Desfavorable;Ha empeorado ligeramente;1-2 espacios;Frecuentemente (61-99%);Ocasionalmente;Las horas extras trabajadas nunca son remuneradas ni económicamente ni con días de vacaciones;Inestable: Reparto mi tiempo entre el cómic y otras actividades para alcanzar el ingreso mínimo.;Entre el SMI y 25.000 €;81 - 100%;Nada proporcional ;Ocasionalmente (1-3 veces al año) ;Influye totalmente;Preocupación muy alta/ crítica;Constantemente / Siempre: (Representa un estado crónico o diario);Acceso parcial: Existen algunos mecanismos, pero son difíciles de activar o poco claros. ;Inexistentes: No existen políticas de este tipo. ;Limita totalmente ;No ;No aplica;Constantemente / En múltiples ocasiones;Frecuentemente ;No denuncié por temor a represalias o medio a consecuencias;;Barreras insuperables;Sesgos muy acentuados y sistemáticos;No sé;Vinculación muy baja: Conozco su existencia, pero no soy miembro ni participo. ;Sí;Sí;No;No;Sí;No;No;Acceso parcial: Encuentro información, pero es incompleta o poco clara.;Más de 10 proyectos;Más de 10 proyectos ;Muy insuficiente ;Nunca: He aceptado todas las ofertas recibidas.;No;Sí;No;No;Sí;No;Sí;No;Auditorías externas independientes;Moderada: Sí, pero con reservas por mi tiempo disponible.;;;;Nula;Muy Insuficiente;Nada respetada;Programación de mesas redondas y presencia en festivales.;;Bastante;Constantemente (Es una idea diaria/muy recurrente);Muy Pesimista (Lo veo imposible);;Lo consultaré en la web oficial sectorialcomic.com;;115147;2891;;1807;;14195;;;;;;;;;;;;3436;;;;16286;;;;;;;4124;;;;;3942;;;;2652;;;;269;;;;;1994;;;6024;;;;4316;;;;2684;;;8831;;;;;;;;7977;;;;;;;3268;;;;2011;;
233;20-02-2026 11:58;19;es;246866025;20-02-2026 11:05;20-02-2026 11:58;Sí, autorizo el uso anónimo. ;de 65 a 74;Mujer;;Enseñanza Universitaria de Primer Ciclo o Grado (Diplomatura, Grado Universitario, Ingeniería/Arquitectura Técnica);Nacionalidad española y residencia en España.;;Cantabria;;;Creación y Producción Artística (Estudio propio, taller, autoedición).;;Dibujante / Ilustradora;;Dibujante / Ilustradora;;Autónoma con clientes habituales;Más de 15 años;Neutral / Equilibrada;Ha mejorado significativamente;Más de 10 espacios;Nunca;Ocasionalmente;Mala praxis del editor: no cumplir con lo estipulado en el contrato en cuanto a promoción de la obra, difusión y publicación en otras lenguas y no reeditar cuando el stock se ha agotado.;Inestable: Reparto mi tiempo entre el cómic y otras actividades para alcanzar el ingreso mínimo.;Entre 5.001 € y el Salario Mínimo Interprofesional (aprox. 15.876 €);0 - 20%;Nada proporcional ;Raramente (menos de una vez al año) ;Influye moderadamente;Preocupación moderada;Raramente: (Situaciones muy aisladas o excepcionales).;Sin acceso: No dispongo de mecanismo de apoyo. ;Inexistentes: No existen políticas de este tipo. ;Limita muy poco ;Sí, raramente;Ligeramente: Mi carga es secundaria ;Frecuentemente ;Ocasionalmente ;No denuncié por decisión propia (no lo consideré o preferí no hacerlo);;No percibo barreras ;Sesgos muy leves ;No sé;Vinculación moderada: Soy miembro, pero mi participación es nula o muy escasa. ;No;Sí;Sí;No;Sí;No;No;Acceso fácil y regular: Tengo acceso sencillo a recursos formativos de alta calidad.;1-2 proyectos;1-2 proyectos ;Muy insuficiente ;Ocasionalmente: He rechazado aproximadamente la mitad de las ofertas.;Sí;Sí;No;Sí;No;No;No;No;Combinación de varios mecanismos;Baja: Quizás, dependiendo del tipo de iniciativa.;Alta;Siempre (Blindaje total);Totalmente (Libertad absoluta);;;;;;Moderadamente;A veces;Muy Pesimista (Lo veo imposible);Mis respuestas se apoyan en una experiencia profesional de 43 años. En este tiempo el sector ha crecido y mejorado mucho, con altibajos. Aún así es muy difícil todavía vivir dignamente del cómic exclusivamente, hay que apoyarse en otros trabajos como ilustración, enseñanza o exposiciones, por poner tres ejemplos.  ;Lo consultaré en la web oficial sectorialcomic.com;;321123;3032;;246;;23829;;;;;;;;;;;;10623;;;;74728;;;;;;;13642;;;;;1363;;;;7573;;;;9489;;;;;10054;;;18138;;;;13196;;;;6373;;;27357;;;;10337;;;;;;;;;;;10995;;;;65667;;
238;20-02-2026 12:25;19;es;968779878;20-02-2026 12:03;20-02-2026 12:25;Sí, autorizo el uso anónimo. ;de 45 a 54;Mujer;;Formación Profesional de Grado Superior (Ciclos Formativos de Grado Superior, FP II, Maestría Industrial);Nacionalidad española y residencia en España.;;Barcelona;;;Creación y Producción Artística (Estudio propio, taller, autoedición).;;Autora integral;;Dibujante / Ilustradora;;Sin actividad remunerada en el sector;Más de 15 años;Muy desfavorable;Ha empeorado significativamente;Más de 10 espacios;Frecuentemente (61-99%);Frecuentemente;Salario invisible (no se corresponde con ninguna pauta legal. Está tan por debajo del trabajo realizado (talento+horas) que es incomparable) Duración desproporcionada de contrato. Cesión total y perpétua de todos los derechos incluyendo mi propio nombre. Sin linea legal sobre traducciones. Exclusividad abusiva y desconocimiento total de las ventas en otros países. ;Inviable: Mis ingresos dependo totalmente de otros trabajos o apoyos.;Menos de 5.000 €;0 - 20%;Nada proporcional ;Constantemente/siempre ;Influye totalmente;Preocupación muy alta/ crítica;Constantemente / Siempre: (Representa un estado crónico o diario);Sin acceso: No dispongo de mecanismo de apoyo. ;Ineficaces: Existen formalmente pero no sirven en la práctica. ;Limita bastante ;Sí, regularmente ;Mayoritariamente: Yo asumo la mayor parte de la carga. ;Constantemente / En múltiples ocasiones;Ocasionalmente ;Comunicación informalmente (compañeros, redes sociales, entorno directo) ;No aplica/Prefiero no responder;Barreras insuperables;Sesgos muy acentuados y sistemáticos;Sí, pero participo poco ;Vinculación moderada: Soy miembro, pero mi participación es nula o muy escasa. ;Sí;Sí;Sí;No;No;No;No;Acceso funcional: Accedo a formación útil de forma habitual.;Ninguno;Ninguno ;Muy insuficiente ;Constantemente: He tenido que rechazar prácticamente todas las ofertas.;Sí;Sí;No;No;No;No;Sí;No;Sanciones económicas por incumplimiento;Moderada: Sí, pero con reservas por mi tiempo disponible.;Baja;Raramente;Bastante;;;;;;Bastante;Constantemente (Es una idea diaria/muy recurrente);Muy Pesimista (Lo veo imposible);Hace muchos años que no publico còmics (solo en fanzines gratuitos) porque no puedo vivir de ello (alquiler+hija+gastos, con discapacidad y sin ayudas). Sólo me renumeran escasamente los libros publicados (Vegap) y algún encargo de ilustración. Es inviable totalmente ser autora de comics y autónoma. He tenido que buscar un trabajo de administración para poder sobrevivir. La libertad total en el comic siempre ha sido la autoedición. ;Otro;VALENCIA@clinic.cat;133922;695;;1217;;9093;;;;;;;;;;;;2036;;;;2742;;;;;;;2123;;;;;2811;;;;3088;;;;3763;;;;;1241;;;1096;;;;5094;;;;4208;;;10678;;;;5296;;;;;;;;;;;2661;;;;41538;;
240;20-02-2026 12:56;19;es;1573122762;20-02-2026 12:12;20-02-2026 12:56;Sí, autorizo el uso anónimo. ;de 45 a 54;Mujer;;Enseñanza Universitaria de Segundo o Tercer Ciclo (Licenciatura, Máster Oficial, Doctorado, Especialidad médica);Nacionalidad española y residencia en España.;;Cáceres;;;Creación y Producción Artística (Estudio propio, taller, autoedición).;;Guionista;;Promotora / Comisaria o gestora cultural;;Sin actividad remunerada en el sector;6-10 años;Muy desfavorable;Ha empeorado ligeramente;3-5 espacios;Frecuentemente (61-99%);Frecuentemente;Insuficiente remuneración para mantener equipos de trabajo, mala o nula distribución de la publicación (a pesar de lo acordado).;Inviable: Mis ingresos dependo totalmente de otros trabajos o apoyos.;Menos de 5.000 €;0 - 20%;Poco proporcional ;Raramente (menos de una vez al año) ;Influye totalmente;Preocupación muy alta/ crítica;Frecuentemente: (Es una situación habitual o recurrente).;Sin acceso: No dispongo de mecanismo de apoyo. ;Inexistentes: No existen políticas de este tipo. ;Limita moderadamente ;Sí, regularmente ;Compartida: El reparto es equitativo ;Frecuentemente ;Nunca ;;;Barreras moderadas ;Sesgos muy acentuados y sistemáticos;No existen redes;Vinculación moderada: Soy miembro, pero mi participación es nula o muy escasa. ;Sí;No;No;Sí;No;No;Sí;Acceso parcial: Encuentro información, pero es incompleta o poco clara.;3-5 proyectos;1-2 proyectos ;Insuficiente ;Ocasionalmente: He rechazado aproximadamente la mitad de las ofertas.;No;No;No;No;Sí;No;Sí;Sí;Combinación de varios mecanismos;Moderada: Sí, pero con reservas por mi tiempo disponible.;Media;A veces;Bastante;;;;;;Moderadamente;Frecuentemente;Incertidumbre / Neutro;Debe cambiar la industria. Reducirse significativamente las cuotas de autónomo (mínimo reducir un 80%), existencia de asociaciones de mujeres abiertas a nuevos miembros y activas, ampliar y mejorar las opciones y condiciones de publicación donde se remunere a los equipos de trabajo y exista una industria dinámica de producción y venta.;Otro;peck353@gmail.com;2638;548;;1284;;12171;;;;;;;;;;;;7466;;;;35953;;;;;;;8173;;;;;6913;;;;11782;;;;61089;;;;;3591;;;14155;;;;25046;;;;11361;;;24585;;;;9602;;;;;;;;;;;5775;;;;24306;;
241;20-02-2026 12:41;19;es;1411267723;20-02-2026 12:23;20-02-2026 12:41;Sí, autorizo el uso anónimo. ;de 35 a 44;Mujer;;Formación Profesional de Grado Superior (Ciclos Formativos de Grado Superior, FP II, Maestría Industrial);Nacionalidad española y residencia en España.;;Barcelona;;;Industria Editorial y Publicación (Trabajo para editoriales, prensa o medios).;;Diseñadora gráfica;;Autora integral;;Asalariada con contrato indefinido;6-10 años;Desfavorable;Se ha mantenido igual;Ninguno;Ocasionalmente (31- 60%);Muy frecuentemente;Salarios por debajo del salario mínimo, categorías profesionales incorrectas en los contratos para no pagar el salario correspondiente.;Inestable: Reparto mi tiempo entre el cómic y otras actividades para alcanzar el ingreso mínimo.;Entre 5.001 € y el Salario Mínimo Interprofesional (aprox. 15.876 €);41 - 60%;Nada proporcional ;Raramente (menos de una vez al año) ;Influye totalmente;Preocupación alta;Ocasionalmente: (Sucede a veces, pero no es la tónica general).;Acceso parcial: Existen algunos mecanismos, pero son difíciles de activar o poco claros. ;Inexistentes: No existen políticas de este tipo. ;Limita bastante ;No ;No aplica;Frecuentemente ;Ocasionalmente ;No denuncié por temor a represalias o medio a consecuencias;;Barreras insuperables;Sesgos claros/evidentes;No sé;Vinculación muy baja: Conozco su existencia, pero no soy miembro ni participo. ;Sí;No;Sí;No;Sí;No;No;Sin acceso: No encuentro formación sobre estos temas.;Más de 10 proyectos;Más de 10 proyectos ;Insuficiente ;Ocasionalmente: He rechazado aproximadamente la mitad de las ofertas.;Sí;Sí;No;Sí;No;No;No;No;Combinación de varios mecanismos;Alta: Sí, deseo participar de forma activa.;;;;Nula;Insuficiente;Parcialmente respetada;Programación de mesas redondas y presencia en festivales.;;Bastante;Frecuentemente;Pesimista;;Otro;sara.porras@normaeditorial.com;109597;364;;1498;;9571;;;;;;;;;;;;2839;;;;26444;;;;;;;4381;;;;;6154;;;;3886;;;;3405;;;;;4379;;;7666;;;;6762;;;;3547;;;11091;;;;;;;;9532;;;;;;;3361;;;;4717;;
246;20-02-2026 17:33;19;es;541462438;20-02-2026 17:11;20-02-2026 17:33;Sí, autorizo el uso anónimo. ;de 45 a 54;Mujer;;Enseñanza Universitaria de Segundo o Tercer Ciclo (Licenciatura, Máster Oficial, Doctorado, Especialidad médica);Nacionalidad extranjera residente en España.;;Madrid;;;Industria Editorial y Publicación (Trabajo para editoriales, prensa o medios).;;Editora / Responsable editorial;;Ninguno;;Autónoma con clientes habituales;11-15 años;Neutral / Equilibrada;Se ha mantenido igual;Más de 10 espacios;Nunca;Nunca;;Inestable: Reparto mi tiempo entre el cómic y otras actividades para alcanzar el ingreso mínimo.;Entre 5.001 € y el Salario Mínimo Interprofesional (aprox. 15.876 €);0 - 20%;Poco proporcional ;Ocasionalmente (1-3 veces al año) ;Influye moderadamente;Preocupación moderada;Raramente: (Situaciones muy aisladas o excepcionales).;Acceso completo: Dispongo de protocolos claros, remunerados y de fácil acceso.;Ineficaces: Existen formalmente pero no sirven en la práctica. ;Limita moderadamente ;Sí, siempre ;Mayoritariamente: Yo asumo la mayor parte de la carga. ;Constantemente / En múltiples ocasiones;Raramente ;No aplica/Prefiero no responder;;Barreras moderadas ;Sesgos claros/evidentes;Sí, pero no participo en ella ;Vinculación muy alta: Soy miembro y participo activamente (cargos de representación, grupos de trabajo o comisiones).;Sí;No;Sí;No;No;Sí;No;Acceso fácil y regular: Tengo acceso sencillo a recursos formativos de alta calidad.;Más de 10 proyectos;Más de 10 proyectos ;Parcialmente suficiente ;Rara vez: He rechazado menos de una cuarta parte de las ofertas.;No;Sí;No;Sí;Sí;No;No;No;Comisiones de seguimiento sectoriales;Alta: Sí, deseo participar de forma activa.;;;;Alta;Parcialmente suficiente;Muy respetada;Inclusión en currículos educativos y bibliotecas escolares.;;Bastante;Nunca;Incertidumbre / Neutro;;Otro;info@lianaeditorial.com;134166;713;;165;;10859;;;;;;;;;;;;3816;;;;15642;;;;;;;15184;;;;;3453;;;;23295;;;;15155;;;;;3393;;;10965;;;;4216;;;;3285;;;8714;;;;;;;;5768;;;;;;;4911;;;;3147;;
253;21-02-2026 8:50;19;es;1702444668;21-02-2026 8:01;21-02-2026 8:50;Sí, autorizo el uso anónimo. ;de 45 a 54;Mujer;;Enseñanza Universitaria de Segundo o Tercer Ciclo (Licenciatura, Máster Oficial, Doctorado, Especialidad médica);Nacionalidad española y residencia en España.;;Alicante;;;Industria Editorial y Publicación (Trabajo para editoriales, prensa o medios).;;Guionista;;Ninguno;;Freelance / Por proyectos puntuales;2-5 años;Desfavorable;Ha mejorado ligeramente;6-10 espacios;Nunca;Ocasionalmente;Tengo una agente que negocia las condiciones y logra mejorarlas, pero la tendencia es a un pago insuficiente, falta de información sobre ventas y reimpresiones, ;Inestable: Reparto mi tiempo entre el cómic y otras actividades para alcanzar el ingreso mínimo.;Entre 5.001 € y el Salario Mínimo Interprofesional (aprox. 15.876 €);41 - 60%;Poco proporcional ;Ocasionalmente (1-3 veces al año) ;Influye bastante;Preocupación alta;Frecuentemente: (Es una situación habitual o recurrente).;Sin acceso: No dispongo de mecanismo de apoyo. ;Inexistentes: No existen políticas de este tipo. ;Limita muy poco ;No ;No aplica;Ocasionalmente ;Nunca ;;;Barreras moderadas ;Sesgos moderados ;Sí, pero participo poco ;Vinculación muy baja: Conozco su existencia, pero no soy miembro ni participo. ;Sí;No;Sí;No;No;Sí;No;Acceso muy limitado: Formación escasa o difícil de localizar.;1-2 proyectos;3-5 proyectos ;Insuficiente ;Nunca: He aceptado todas las ofertas recibidas.;Sí;No;No;Sí;No;No;Sí;No;Combinación de varios mecanismos;Moderada: Sí, pero con reservas por mi tiempo disponible.;Media;Frecuentemente;Bastante;;;;;;Poco;Raramente;Incertidumbre / Neutro;;Otro;catalinagvilar@gmail.com;291708;2953;;2216;;26594;;;;;;;;;;;;17408;;;;109387;;;;;;;11485;;;;;15883;;;;6178;;;;4602;;;;;11725;;;20972;;;;12579;;;;4908;;;19638;;;;9081;;;;;;;;;;;7232;;;;8867;;
255;21-02-2026 13:06;19;es;2138381320;21-02-2026 12:58;21-02-2026 13:06;Sí, autorizo el uso anónimo. ;de 25 a 34;Mujer;;Enseñanza Universitaria de Segundo o Tercer Ciclo (Licenciatura, Máster Oficial, Doctorado, Especialidad médica);Nacionalidad española y residencia en España.;;Barcelona;;;Docencia e Investigación (Universidades, escuelas de arte, talleres).;;Autora integral;;Autora integral;;Autónoma con clientes habituales;6-10 años;Muy favorable;Ha mejorado significativamente;Ninguno;Nunca;Nunca;;Plenamente estable: Vivo exclusivamente y de forma estable de mi actividad profesional en el cómic.;Entre 25.001 € y 40.000 €;41 - 60%;Totalmente proporcional;Nunca;No influye en absoluto;Ninguna preocupación;Nunca: (Representa la ausencia total de estos síntomas).;Acceso funcional: Los mecanismos son conocidos y habitualmente accesibles cuando se necesitan.;Efectivas: Son medidas funcionales que ofrecen un apoyo real y preventivo ;No limita en absoluto ;Sí, frecuentemente;Compartida: El reparto es equitativo ;Nunca ;Nunca ;;;No percibo barreras ;No hay sesgos ;Sí, pero participo poco ;Ninguna vinculación: No formo parte de ninguna estructura asociativa. ;No;No;No;No;Sí;Sí;Sí;Acceso funcional: Accedo a formación útil de forma habitual.;6-10 proyectos;6-10 proyectos ;Parcialmente suficiente ;Rara vez: He rechazado menos de una cuarta parte de las ofertas.;Sí;Sí;No;No;No;No;No;Sí;No sé;Ninguna: No me interesa participar.;Alta;Frecuentemente;Bastante;;;;;;En ninguna medida (Ningún impacto);A veces;Optimista;;Lo consultaré en la web oficial sectorialcomic.com;;50345;534;;1736;;8631;;;;;;;;;;;;2264;;;;4027;;;;;;;2928;;;;;2946;;;;2513;;;;1373;;;;;143;;;467;;;;3258;;;;1531;;;4628;;;;3493;;;;;;;;;;;3048;;;;1335;;
259;22-02-2026 0:14;19;es;521634276;21-02-2026 23:50;22-02-2026 0:14;Sí, autorizo el uso anónimo. ;de 25 a 34;Mujer;;Enseñanza Universitaria de Segundo o Tercer Ciclo (Licenciatura, Máster Oficial, Doctorado, Especialidad médica);Nacionalidad española y residencia en España.;;Madrid;;;Creación y Producción Artística (Estudio propio, taller, autoedición).;;Dibujante / Ilustradora;;Diseñadora gráfica;;Freelance / Por proyectos puntuales;11-15 años;Muy favorable;Ha mejorado significativamente;Más de 10 espacios;Raramente (menos del 30%);Nunca;;Muy precaria: El cómic es una actividad secundaria, necesito otros trabajos constantes para subsistir.;Entre el SMI y 25.000 €;41 - 60%;Nada proporcional ;Raramente (menos de una vez al año) ;Influye moderadamente;Preocupación moderada;Ocasionalmente: (Sucede a veces, pero no es la tónica general).;Sin acceso: No dispongo de mecanismo de apoyo. ;Inexistentes: No existen políticas de este tipo. ;Limita moderadamente ;No ;No aplica;Raramente ;Nunca ;;;No percibo barreras ;No hay sesgos ;Sí, pero no participo en ella ;Vinculación moderada: Soy miembro, pero mi participación es nula o muy escasa. ;Sí;No;No;Sí;No;No;Sí;Acceso funcional: Accedo a formación útil de forma habitual.;3-5 proyectos;1-2 proyectos ;Parcialmente suficiente ;Rara vez: He rechazado menos de una cuarta parte de las ofertas.;Sí;Sí;No;No;Sí;No;No;No;No sé;Ninguna: No me interesa participar.;Baja;Frecuentemente;Totalmente (Libertad absoluta);;;;;;En ninguna medida (Ningún impacto);Nunca;Pesimista;En I1 hubiera querido ver alguna opción que pidiera tablas de cotización más justas. Y no estoy en general a favor de las opciones que plantea la I2.;Lo consultaré en la web oficial sectorialcomic.com;;84288;551;;1081;;6312;;;;;;;;;;;;1295;;;;3911;;;;;;;2982;;;;;1824;;;;2832;;;;3625;;;;;1341;;;11281;;;;3802;;;;1976;;;27574;;;;5374;;;;;;;;;;;397;;;;4557;;
260;22-02-2026 20:57;19;es;629016884;22-02-2026 18:08;22-02-2026 20:57;Sí, autorizo el uso anónimo. ;de 25 a 34;Mujer;;Formación Profesional de Grado Superior (Ciclos Formativos de Grado Superior, FP II, Maestría Industrial);Nacionalidad española y residencia en España.;;Sevilla;;;Industria Editorial y Publicación (Trabajo para editoriales, prensa o medios).;;Dibujante / Ilustradora;;Diseñadora gráfica;;Sin actividad remunerada en el sector;2-5 años;Desfavorable;Ha mejorado ligeramente;1-2 espacios;Ocasionalmente (31- 60%);Frecuentemente;Normalmente los presupuestos son bajos y se intentan regateos. A veces no existe contrato.;Muy precaria: El cómic es una actividad secundaria, necesito otros trabajos constantes para subsistir.;Menos de 5.000 €;0 - 20%;Poco proporcional ;Ocasionalmente (1-3 veces al año) ;Influye bastante;Preocupación alta;Ocasionalmente: (Sucede a veces, pero no es la tónica general).;Acceso muy limitado: Solo en casos extremos o sin remuneración. ;Insuficientes: Ofrecen un apoyo básico y se aplican, pero es muy limitado para las necesidades del sector ;Limita moderadamente ;Sí, raramente;Ligeramente: Mi carga es secundaria ;Ocasionalmente ;Nunca ;;;Barreras moderadas ;Sesgos moderados ;Sí, pero no participo en ella ;Vinculación muy baja: Conozco su existencia, pero no soy miembro ni participo. ;No;Sí;No;No;Sí;Sí;No;Acceso muy limitado: Formación escasa o difícil de localizar.;6-10 proyectos;6-10 proyectos ;Insuficiente ;Rara vez: He rechazado menos de una cuarta parte de las ofertas.;No;No;No;Sí;No;Sí;No;Sí;Combinación de varios mecanismos;Baja: Quizás, dependiendo del tipo de iniciativa.;Alta;A veces;Parcialmente;;;;;;Bastante;Frecuentemente;Pesimista;Es de saber general que vivir del cómic en España es casi imposible por muchos aspectos.;Lo consultaré en la web oficial sectorialcomic.com;;101653;366;;46;;14182;;;;;;;;;;;;7144;;;;64186;;;;;;;3153;;;;;4773;;;;2958;;;;14647;;;;;1603;;;6507;;;;823102;;;;28852;;;721;;;;14161;;;;;;;;;;;12687;;;;10536;;
262;23-02-2026 10:11;19;es;1351506398;23-02-2026 9:42;23-02-2026 10:11;Sí, autorizo el uso anónimo. ;de 25 a 34;Mujer;;Enseñanza Universitaria de Segundo o Tercer Ciclo (Licenciatura, Máster Oficial, Doctorado, Especialidad médica);Nacionalidad española y residencia en España.;;Barcelona;;;Industria Editorial y Publicación (Trabajo para editoriales, prensa o medios).;;Editora / Responsable editorial;;Ninguno;;Asalariada con contrato indefinido;2-5 años;Neutral / Equilibrada;Se ha mantenido igual;Ninguno;Nunca;Nunca;;Viable con apoyos: Vivo mayoritariamente del cómic, aunque realizo colaboraciones externas ocasionales.;Entre 5.001 € y el Salario Mínimo Interprofesional (aprox. 15.876 €);81 - 100%;Poco proporcional ;Nunca;Influye muy poco;Preocupación moderada;Raramente: (Situaciones muy aisladas o excepcionales).;No sé / No aplica a mi situación;No sé/No aplica a mi situación;No limita en absoluto ;Sí, raramente;Mínimamente: En casos muy puntuales;Ocasionalmente ;Nunca ;;;Barreras mínimas ;Sesgos muy leves ;No sé;Ninguna vinculación: No formo parte de ninguna estructura asociativa. ;Sí;No;Sí;No;No;Sí;No;No he buscado formación ;Ninguno;Ninguno ;Parcialmente suficiente ;Nunca: He aceptado todas las ofertas recibidas.;No;Sí;No;No;No;Sí;Sí;No;Combinación de varios mecanismos;Moderada: Sí, pero con reservas por mi tiempo disponible.;;;;Nula;Suficiente;Totalmente respetada;Inclusión en currículos educativos y bibliotecas escolares.;;En ninguna medida (Ningún impacto);Nunca;Optimista;;Lo consultaré en la web oficial sectorialcomic.com;;174046;263;;358;;3417;;;;;;;;;;;;2404;;;;5808;;;;;;;3306;;;;;2742;;;;2525;;;;209;;;;;209;;;3699;;;;4213;;;;2339;;;11135;;;;;;;;10187;;;;;;;115981;;;;1489;;
263;23-02-2026 16:15;19;es;891994634;23-02-2026 16:02;23-02-2026 16:15;Sí, autorizo el uso anónimo. ;de 25 a 34;Mujer;;Formación Profesional de Grado Superior (Ciclos Formativos de Grado Superior, FP II, Maestría Industrial);Nacionalidad española y residencia en España.;;Córdoba;;;Industria Editorial y Publicación (Trabajo para editoriales, prensa o medios).;;Autora integral;;Autora integral;;Freelance / Por proyectos puntuales;6-10 años;Desfavorable;Ha mejorado ligeramente;Ninguno;Raramente (menos del 30%);Nunca;;Inviable: Mis ingresos dependo totalmente de otros trabajos o apoyos.;Menos de 5.000 €;0 - 20%;Nada proporcional ;Nunca;Influye totalmente;Preocupación muy alta/ crítica;Frecuentemente: (Es una situación habitual o recurrente).;Sin acceso: No dispongo de mecanismo de apoyo. ;Inexistentes: No existen políticas de este tipo. ;No limita en absoluto ;No ;No aplica;Ocasionalmente ;Nunca ;;;No percibo barreras ;Sesgos moderados ;No sé;Ninguna vinculación: No formo parte de ninguna estructura asociativa. ;Sí;No;No;Sí;Sí;No;No;Sin acceso: No encuentro formación sobre estos temas.;Ninguno;1-2 proyectos ;Muy insuficiente ;Nunca: He aceptado todas las ofertas recibidas.;Sí;No;No;No;No;Sí;Sí;No;No sé;Moderada: Sí, pero con reservas por mi tiempo disponible.;Baja;A veces;Parcialmente;;;;;;En ninguna medida (Ningún impacto);Constantemente (Es una idea diaria/muy recurrente);Pesimista;;Otro;lislizth@gmail.com;77882;356;;351;;10505;;;;;;;;;;;;3877;;;;8358;;;;;;;4231;;;;;4875;;;;5382;;;;2041;;;;;3841;;;9086;;;;4214;;;;1724;;;8372;;;;4989;;;;;;;;;;;3682;;;;1998;;
265;23-02-2026 19:54;19;es;144608345;23-02-2026 19:38;23-02-2026 19:54;Sí, autorizo el uso anónimo. ;de 18 a 24;Persona no binaria;;Enseñanza Universitaria de Primer Ciclo o Grado (Diplomatura, Grado Universitario, Ingeniería/Arquitectura Técnica);Nacionalidad española y residencia en España.;;Madrid;;;Industria Editorial y Publicación (Trabajo para editoriales, prensa o medios).;;Rotulista;;Diseñadora gráfica;;Asalariada con contrato indefinido;Menos de 2 años;Neutral / Equilibrada;Ha mejorado ligeramente;3-5 espacios;Ocasionalmente (31- 60%);Nunca;;Inestable: Reparto mi tiempo entre el cómic y otras actividades para alcanzar el ingreso mínimo.;Menos de 5.000 €;41 - 60%;Mayormente proporcional ;Nunca;Influye moderadamente;Preocupación alta;Ocasionalmente: (Sucede a veces, pero no es la tónica general).;No sé / No aplica a mi situación;No sé/No aplica a mi situación;No limita en absoluto ;No ;No aplica;Ocasionalmente ;Ocasionalmente ;No denuncié por temor a represalias o medio a consecuencias;;Barreras mínimas ;Sesgos moderados ;No sé;Ninguna vinculación: No formo parte de ninguna estructura asociativa. ;No;Sí;Sí;No;Sí;No;No;Acceso muy limitado: Formación escasa o difícil de localizar.;Más de 10 proyectos;Más de 10 proyectos ;Parcialmente suficiente ;Rara vez: He rechazado menos de una cuarta parte de las ofertas.;No;No;Sí;No;No;Sí;No;Sí;Revisión participativa con profesionales;Moderada: Sí, pero con reservas por mi tiempo disponible.;Nula (Acepto condiciones impuestas);Siempre (Blindaje total);Parcialmente;;;;;;Moderadamente;Raramente;Incertidumbre / Neutro;;Lo consultaré en la web oficial sectorialcomic.com;;92019;2229;;2099;;17093;;;;;;;;;;;;2511;;;;10097;;;;;;;376;;;;;3971;;;;2623;;;;3541;;;;;4025;;;5892;;;;4908;;;;1603;;;16753;;;;5738;;;;;;;;;;;315;;;;2026;;
267;24-02-2026 10:34;19;es;317431588;24-02-2026 10:13;24-02-2026 10:34;Sí, autorizo el uso anónimo. ;de 25 a 34;Otro;Genderfluid;Enseñanza Universitaria de Primer Ciclo o Grado (Diplomatura, Grado Universitario, Ingeniería/Arquitectura Técnica);Nacionalidad española y residencia en España.;;Barcelona;;;Industria Editorial y Publicación (Trabajo para editoriales, prensa o medios).;;Autora integral;;Dibujante / Ilustradora;;Autónoma con clientes habituales;2-5 años;Desfavorable;Ha mejorado ligeramente;3-5 espacios;Frecuentemente (61-99%);Ocasionalmente;Sueldo insuficiente al trabajo realizado;Muy precaria: El cómic es una actividad secundaria, necesito otros trabajos constantes para subsistir.;Entre 5.001 € y el Salario Mínimo Interprofesional (aprox. 15.876 €);21 - 40%;Poco proporcional ;Raramente (menos de una vez al año) ;Influye bastante;Preocupación alta;Constantemente / Siempre: (Representa un estado crónico o diario);No sé / No aplica a mi situación;Inexistentes: No existen políticas de este tipo. ;Limita bastante ;No ;No aplica;Ocasionalmente ;Nunca ;;;No percibo barreras ;Sesgos moderados ;Sí, pero participo poco ;Vinculación moderada: Soy miembro, pero mi participación es nula o muy escasa. ;Sí;No;No;Sí;No;Sí;No;Acceso muy limitado: Formación escasa o difícil de localizar.;1-2 proyectos;1-2 proyectos ;Insuficiente ;Rara vez: He rechazado menos de una cuarta parte de las ofertas.;Sí;Sí;Sí;No;No;No;No;No;Combinación de varios mecanismos;Moderada: Sí, pero con reservas por mi tiempo disponible.;Media;Raramente;Bastante;;;;;;Moderadamente;Frecuentemente;Incertidumbre / Neutro;;Otro;mariamomoart@gmail.com ;11894;701;;1387;;13509;;;;;;;;;;;;7506;;;;18081;;;;;;;9096;;;;;6789;;;;3634;;;;3754;;;;;4242;;;10535;;;;6133;;;;3162;;;13331;;;;9386;;;;;;;;;;;5135;;;;2559;;
268;24-02-2026 11:14;19;es;110061043;24-02-2026 10:57;24-02-2026 11:14;Sí, autorizo el uso anónimo. ;de 35 a 44;Mujer;;Enseñanza Universitaria de Segundo o Tercer Ciclo (Licenciatura, Máster Oficial, Doctorado, Especialidad médica);Nacionalidad española y residencia en España.;;Cantabria;;;Creación y Producción Artística (Estudio propio, taller, autoedición).;;Autora integral;;Dibujante / Ilustradora;;Sin actividad remunerada en el sector;2-5 años;Desfavorable;Ha mejorado ligeramente;1-2 espacios;Frecuentemente (61-99%);Frecuentemente;Los royalties obtenidos del contrato ;Muy precaria: El cómic es una actividad secundaria, necesito otros trabajos constantes para subsistir.;Menos de 5.000 €;0 - 20%;Nada proporcional ;Raramente (menos de una vez al año) ;Influye bastante;Preocupación muy alta/ crítica;Ocasionalmente: (Sucede a veces, pero no es la tónica general).;Acceso parcial: Existen algunos mecanismos, pero son difíciles de activar o poco claros. ;No sé/No aplica a mi situación;Limita bastante ;Sí, frecuentemente;Mayoritariamente: Yo asumo la mayor parte de la carga. ;Raramente ;Nunca ;;;Barreras moderadas ;Sesgos claros/evidentes;No sé;Vinculación moderada: Soy miembro, pero mi participación es nula o muy escasa. ;No;No;No;Sí;No;Sí;Sí;Acceso parcial: Encuentro información, pero es incompleta o poco clara.;3-5 proyectos;1-2 proyectos ;Muy insuficiente ;Rara vez: He rechazado menos de una cuarta parte de las ofertas.;No;No;No;No;Sí;No;Sí;Sí;No sé;Moderada: Sí, pero con reservas por mi tiempo disponible.;Baja;A veces;Parcialmente;;;;;;Moderadamente;A veces;Pesimista;;Otro;pau88_vg@hotmail.com;10245;71;;1279;;17234;;;;;;;;;;;;6518;;;;9969;;;;;;;5255;;;;;585;;;;5056;;;;3073;;;;;4384;;;11825;;;;3441;;;;2832;;;12896;;;;7143;;;;;;;;;;;3263;;;;1722;;
269;24-02-2026 12:23;19;es;27221007;24-02-2026 12:09;24-02-2026 12:23;Sí, autorizo el uso anónimo. ;de 35 a 44;Mujer;;Enseñanza Universitaria de Segundo o Tercer Ciclo (Licenciatura, Máster Oficial, Doctorado, Especialidad médica);Nacionalidad española y residencia en España.;;Málaga;;;Creación y Producción Artística (Estudio propio, taller, autoedición).;;Dibujante / Ilustradora;;Colorista;;Autónoma con clientes habituales;11-15 años;Neutral / Equilibrada;Ha mejorado ligeramente;6-10 espacios;Raramente (menos del 30%);Raramente;Falta contrato y salario bajo;Plenamente estable: Vivo exclusivamente y de forma estable de mi actividad profesional en el cómic.;Entre 25.001 € y 40.000 €;81 - 100%;Mayormente proporcional ;Raramente (menos de una vez al año) ;Influye muy poco;Preocupación moderada;Raramente: (Situaciones muy aisladas o excepcionales).;Sin acceso: No dispongo de mecanismo de apoyo. ;Inexistentes: No existen políticas de este tipo. ;Limita muy poco ;Sí, regularmente ;Compartida: El reparto es equitativo ;Ocasionalmente ;Raramente ;No denuncié por decisión propia (no lo consideré o preferí no hacerlo);;Barreras mínimas ;Sesgos moderados ;Sí, pero no participo en ella ;Vinculación muy baja: Conozco su existencia, pero no soy miembro ni participo. ;Sí;No;Sí;Sí;No;No;No;No he buscado formación ;3-5 proyectos;3-5 proyectos ;Insuficiente ;Rara vez: He rechazado menos de una cuarta parte de las ofertas.;Sí;No;No;No;No;Sí;Sí;No;No sé;Baja: Quizás, dependiendo del tipo de iniciativa.;Media;A veces;Parcialmente;;;;;;Poco;Nunca;Optimista;Peligro uso de IA generativas en el comic ;Lo consultaré en la web oficial sectorialcomic.com;;82809;943;;1073;;14629;;;;;;;;;;;;3369;;;;10575;;;;;;;5116;;;;;3447;;;;3207;;;;3046;;;;;316;;;5692;;;;4433;;;;3926;;;7884;;;;4602;;;;;;;;;;;2599;;;;5108;;
270;24-02-2026 13:19;19;es;260958453;24-02-2026 13:06;24-02-2026 13:19;Sí, autorizo el uso anónimo. ;de 45 a 54;Mujer;;Bachillerato (Bachillerato LOGSE/LOE, BUP, COU, PREU);Nacionalidad española y residencia en España.;;Valencia;;;Creación y Producción Artística (Estudio propio, taller, autoedición).;;Autora integral;;Autora integral;;Autónoma con clientes habituales;11-15 años;Neutral / Equilibrada;Ha mejorado ligeramente;6-10 espacios;Raramente (menos del 30%);Raramente;Retraso en el cobro;Plenamente estable: Vivo exclusivamente y de forma estable de mi actividad profesional en el cómic.;Más de 40.000 € ;81 - 100%;Mayormente proporcional ;Raramente (menos de una vez al año) ;Influye muy poco;Preocupación baja;No sé/Prefiero no contestar;No sé / No aplica a mi situación;No sé/No aplica a mi situación;Limita moderadamente ;Sí, regularmente ;Compartida: El reparto es equitativo ;Ocasionalmente ;Raramente ;No denuncié por decisión propia (no lo consideré o preferí no hacerlo);;Barreras mínimas ;Sesgos muy leves ;Sí, participo activamente ;Vinculación muy alta: Soy miembro y participo activamente (cargos de representación, grupos de trabajo o comisiones).;Sí;Sí;No;No;Sí;No;No;Acceso funcional: Accedo a formación útil de forma habitual.;Más de 10 proyectos;6-10 proyectos ;Mayormente suficiente ;Rara vez: He rechazado menos de una cuarta parte de las ofertas.;Sí;Sí;No;No;No;No;Sí;No;Comisiones de seguimiento sectoriales;Alta: Sí, deseo participar de forma activa.;Alta;Frecuentemente;Bastante;;;;;;Moderadamente;Nunca;Muy optimista (Lo veo viable y seguro);;Lo consultaré en la web oficial sectorialcomic.com;;81782;478;;773;;19484;;;;;;;;;;;;2498;;;;10308;;;;;;;4295;;;;;4743;;;;30;;;;3475;;;;;1779;;;6848;;;;6086;;;;1611;;;8727;;;;3051;;;;;;;;;;;3215;;;;1411;;
276;24-02-2026 18:52;19;es;1600572169;24-02-2026 18:28;24-02-2026 18:52;Sí, autorizo el uso anónimo. ;de 25 a 34;Mujer;;Enseñanza Universitaria de Segundo o Tercer Ciclo (Licenciatura, Máster Oficial, Doctorado, Especialidad médica);Nacionalidad española y residencia en España.;;Madrid;;;Creación y Producción Artística (Estudio propio, taller, autoedición).;;Autora integral;;Dibujante / Ilustradora;;Asalariada con contrato temporal;6-10 años;Desfavorable;Ha empeorado ligeramente;1-2 espacios;Raramente (menos del 30%);Nunca;;Inviable: Mis ingresos dependo totalmente de otros trabajos o apoyos.;Menos de 5.000 €;0 - 20%;Poco proporcional ;Raramente (menos de una vez al año) ;Influye muy poco;Preocupación moderada;Nunca: (Representa la ausencia total de estos síntomas).;Acceso parcial: Existen algunos mecanismos, pero son difíciles de activar o poco claros. ;Inexistentes: No existen políticas de este tipo. ;Limita bastante ;Sí, raramente;Mínimamente: En casos muy puntuales;Ocasionalmente ;Raramente ;No denuncié por decisión propia (no lo consideré o preferí no hacerlo);;Barreras moderadas ;Sesgos moderados ;No sé;Ninguna vinculación: No formo parte de ninguna estructura asociativa. ;No;No;Sí;No;Sí;Sí;No;No he buscado formación ;Ninguno;Ninguno ;Muy insuficiente ;Nunca: He aceptado todas las ofertas recibidas.;Sí;No;No;No;No;Sí;No;Sí;Informes anuales de transparencia obligatorios;Baja: Quizás, dependiendo del tipo de iniciativa.;Media;Nunca;Totalmente (Libertad absoluta);;;;;;Poco;Raramente;Muy Pesimista (Lo veo imposible);No me dedico profesionalmente al cómic. Entro y salgo de la autoedición cuando tengo disponibilidad, una idea o una colaboración. No vivo de ello ni lo pretendo, estoy más ligada al mundo del fanzine.;Lo consultaré en la web oficial sectorialcomic.com;;142866;3068;;147;;14092;;;;;;;;;;;;7877;;;;13633;;;;;;;5781;;;;;12059;;;;5057;;;;8531;;;;;5868;;;5301;;;;16071;;;;4459;;;15332;;;;11859;;;;;;;;;;;6048;;;;636;;
278;24-02-2026 18:46;19;es;140749301;24-02-2026 18:32;24-02-2026 18:46;Sí, autorizo el uso anónimo. ;de 35 a 44;Mujer;;Enseñanza Universitaria de Segundo o Tercer Ciclo (Licenciatura, Máster Oficial, Doctorado, Especialidad médica);Nacionalidad española y residencia en España.;;Madrid;;;Docencia e Investigación (Universidades, escuelas de arte, talleres).;;Dibujante / Ilustradora;;Autora integral;;Sin actividad remunerada en el sector;6-10 años;Desfavorable;Ha mejorado ligeramente;1-2 espacios;Raramente (menos del 30%);Raramente;Derechos de autor ;Inviable: Mis ingresos dependo totalmente de otros trabajos o apoyos.;Menos de 5.000 €;0 - 20%;Poco proporcional ;Raramente (menos de una vez al año) ;Influye bastante;Preocupación moderada;Frecuentemente: (Es una situación habitual o recurrente).;Sin acceso: No dispongo de mecanismo de apoyo. ;Inexistentes: No existen políticas de este tipo. ;Limita bastante ;Sí, raramente;Mayoritariamente: Yo asumo la mayor parte de la carga. ;Raramente ;Nunca ;;;Barreras moderadas ;Sesgos claros/evidentes;Sí, pero no participo en ella ;Vinculación moderada: Soy miembro, pero mi participación es nula o muy escasa. ;Sí;No;Sí;No;Sí;No;No;Acceso muy limitado: Formación escasa o difícil de localizar.;3-5 proyectos;3-5 proyectos ;Muy insuficiente ;Rara vez: He rechazado menos de una cuarta parte de las ofertas.;Sí;No;No;No;Sí;Sí;No;No;No sé;Moderada: Sí, pero con reservas por mi tiempo disponible.;Baja;Frecuentemente;Bastante;;;;;;Bastante;Raramente;Muy Pesimista (Lo veo imposible);;Lo consultaré en la web oficial sectorialcomic.com;;80896;1718;;1556;;14025;;;;;;;;;;;;372;;;;8183;;;;;;;4544;;;;;4003;;;;4568;;;;2919;;;;;2611;;;7614;;;;3585;;;;2263;;;9886;;;;4939;;;;;;;;;;;333;;;;1432;;
282;24-02-2026 19:03;19;es;730645932;24-02-2026 18:52;24-02-2026 19:03;Sí, autorizo el uso anónimo. ;de 35 a 44;Mujer;;Primaria (Primaria completa, EGB o similar);Nacionalidad española y residencia en España.;;Sevilla;;;Creación y Producción Artística (Estudio propio, taller, autoedición).;;Dibujante / Ilustradora;;Colorista;;Sin actividad remunerada en el sector;2-5 años;Neutral / Equilibrada;Ha mejorado ligeramente;Ninguno;Raramente (menos del 30%);Raramente;Tiempo de prácticas en una editorial;Inviable: Mis ingresos dependo totalmente de otros trabajos o apoyos.;Menos de 5.000 €;0 - 20%;Nada proporcional ;Raramente (menos de una vez al año) ;Influye totalmente;Preocupación muy alta/ crítica;Frecuentemente: (Es una situación habitual o recurrente).;Sin acceso: No dispongo de mecanismo de apoyo. ;Inexistentes: No existen políticas de este tipo. ;Limita totalmente ;No ;No aplica;Raramente ;Nunca ;;;Barreras mínimas ;Sesgos muy leves ;No existen redes;Ninguna vinculación: No formo parte de ninguna estructura asociativa. ;Sí;Sí;Sí;No;No;No;No;Acceso muy limitado: Formación escasa o difícil de localizar.;Ninguno;Ninguno ;Muy insuficiente ;Nunca: He aceptado todas las ofertas recibidas.;Sí;Sí;No;No;Sí;No;No;No;Informes anuales de transparencia obligatorios;Alta: Sí, deseo participar de forma activa.;Nula (Acepto condiciones impuestas);Nunca;Poco;;;;;;Moderadamente;A veces;Muy Pesimista (Lo veo imposible);;Lo consultaré en la web oficial sectorialcomic.com;;69758;1294;;1485;;9361;;;;;;;;;;;;4404;;;;976;;;;;;;4195;;;;;2947;;;;5069;;;;1931;;;;;2116;;;4589;;;;3189;;;;218;;;7382;;;;505;;;;;;;;;;;3686;;;;112;;
283;24-02-2026 19:31;19;es;2010360141;24-02-2026 19:16;24-02-2026 19:31;Sí, autorizo el uso anónimo. ;de 45 a 54;Mujer;;Enseñanza Universitaria de Segundo o Tercer Ciclo (Licenciatura, Máster Oficial, Doctorado, Especialidad médica);Nacionalidad española y residencia en España.;;Málaga;;;Creación y Producción Artística (Estudio propio, taller, autoedición).;;Dibujante / Ilustradora;;Ninguno;;Sin actividad remunerada en el sector;2-5 años;Muy favorable;Ha mejorado significativamente;Ninguno;Raramente (menos del 30%);Raramente;Trabajo para un estudio de animación sin estar dada de alta todo ese tiempo en la seguridad social;Inviable: Mis ingresos dependo totalmente de otros trabajos o apoyos.;Menos de 5.000 €;0 - 20%;Nada proporcional ;Raramente (menos de una vez al año) ;Influye totalmente;Preocupación moderada;Ocasionalmente: (Sucede a veces, pero no es la tónica general).;Acceso funcional: Los mecanismos son conocidos y habitualmente accesibles cuando se necesitan.;No sé/No aplica a mi situación;Limita bastante ;No ;No aplica;Raramente ;Nunca ;;;No percibo barreras ;No hay sesgos ;Sí, pero no participo en ella ;Vinculación muy baja: Conozco su existencia, pero no soy miembro ni participo. ;No;No;No;No;Sí;Sí;Sí;Acceso parcial: Encuentro información, pero es incompleta o poco clara.;Ninguno;Ninguno ;Insuficiente ;Frecuentemente: He rechazado la mayoría de las ofertas.;Sí;Sí;No;Sí;No;No;No;No;Informes anuales de transparencia obligatorios;Ninguna: No me interesa participar.;Media;Raramente;Parcialmente;;;;;;En ninguna medida (Ningún impacto);Frecuentemente;Muy Pesimista (Lo veo imposible);;Lo consultaré en la web oficial sectorialcomic.com;;87765;1082;;1792;;13291;;;;;;;;;;;;3652;;;;11567;;;;;;;6515;;;;;5879;;;;46;;;;2421;;;;;2961;;;8588;;;;3633;;;;2293;;;9226;;;;4326;;;;;;;;;;;4537;;;;1402;;
286;24-02-2026 19:31;19;es;1205864854;24-02-2026 19:22;24-02-2026 19:31;Sí, autorizo el uso anónimo. ;de 45 a 54;Mujer;;Enseñanza Universitaria de Segundo o Tercer Ciclo (Licenciatura, Máster Oficial, Doctorado, Especialidad médica);Nacionalidad española y residencia en España.;;Barcelona;;;Industria Editorial y Publicación (Trabajo para editoriales, prensa o medios).;;Traductora;;Traductora;;Sin actividad remunerada en el sector;11-15 años;Neutral / Equilibrada;Se ha mantenido igual;Ninguno;Ocasionalmente (31- 60%);Raramente;;Inviable: Mis ingresos dependo totalmente de otros trabajos o apoyos.;Menos de 5.000 €;0 - 20%;Poco proporcional ;Ocasionalmente (1-3 veces al año) ;Influye totalmente;Preocupación moderada;Constantemente / Siempre: (Representa un estado crónico o diario);No sé / No aplica a mi situación;No sé/No aplica a mi situación;Limita totalmente ;Sí, siempre ;Completamente: Recae exclusivamente en mí. ;Frecuentemente ;Raramente ;No denuncié por decisión propia (no lo consideré o preferí no hacerlo);;Barreras moderadas ;Sesgos claros/evidentes;No sé;Ninguna vinculación: No formo parte de ninguna estructura asociativa. ;Sí;No;No;Sí;No;Sí;No;Acceso funcional: Accedo a formación útil de forma habitual.;1-2 proyectos;1-2 proyectos ;Insuficiente ;Rara vez: He rechazado menos de una cuarta parte de las ofertas.;Sí;No;No;No;No;Sí;Sí;No;Combinación de varios mecanismos;Baja: Quizás, dependiendo del tipo de iniciativa.;Baja;Raramente;Parcialmente;;;;;;Moderadamente;Raramente;Muy Pesimista (Lo veo imposible);;Lo consultaré en la web oficial sectorialcomic.com;;55533;1466;;706;;11489;;;;;;;;;;;;1926;;;;3921;;;;;;;3211;;;;;3325;;;;5667;;;;2141;;;;;1527;;;4589;;;;2813;;;;172;;;4677;;;;2087;;;;;;;;;;;3112;;;;1156;;
287;24-02-2026 19:43;19;es;1325605461;24-02-2026 19:29;24-02-2026 19:43;Sí, autorizo el uso anónimo. ;de 18 a 24;Mujer;;Formación Profesional de Grado Superior (Ciclos Formativos de Grado Superior, FP II, Maestría Industrial);Nacionalidad española y residencia en España.;;Huesca;;;Creación y Producción Artística (Estudio propio, taller, autoedición).;;Dibujante / Ilustradora;;Autora integral;;Freelance / Por proyectos puntuales;2-5 años;Neutral / Equilibrada;Ha mejorado ligeramente;1-2 espacios;Raramente (menos del 30%);Nunca;;Inviable: Mis ingresos dependo totalmente de otros trabajos o apoyos.;Menos de 5.000 €;0 - 20%;Poco proporcional ;Raramente (menos de una vez al año) ;No influye en absoluto;Preocupación moderada;Frecuentemente: (Es una situación habitual o recurrente).;Acceso muy limitado: Solo en casos extremos o sin remuneración. ;Inexistentes: No existen políticas de este tipo. ;Limita bastante ;No ;No aplica;Nunca ;Nunca ;;;Barreras mínimas ;Sesgos moderados ;Sí, pero no participo en ella ;Ninguna vinculación: No formo parte de ninguna estructura asociativa. ;Sí;No;Sí;No;Sí;No;No;Acceso parcial: Encuentro información, pero es incompleta o poco clara.;3-5 proyectos;3-5 proyectos ;Muy insuficiente ;Rara vez: He rechazado menos de una cuarta parte de las ofertas.;Sí;No;Sí;Sí;No;No;No;No;Combinación de varios mecanismos;Baja: Quizás, dependiendo del tipo de iniciativa.;Baja;Frecuentemente;Totalmente (Libertad absoluta);;;;;;En ninguna medida (Ningún impacto);A veces;Pesimista;;Lo consultaré en la web oficial sectorialcomic.com;;8562;786;;792;;15364;;;;;;;;;;;;4418;;;;6214;;;;;;;5873;;;;;5616;;;;3063;;;;1783;;;;;2096;;;1088;;;;8111;;;;1757;;;8933;;;;5537;;;;;;;;;;;2665;;;;1732;;
288;24-02-2026 19:45;19;es;782860136;24-02-2026 19:32;24-02-2026 19:45;Sí, autorizo el uso anónimo. ;de 25 a 34;Mujer;;Formación Profesional de Grado Superior (Ciclos Formativos de Grado Superior, FP II, Maestría Industrial);Nacionalidad española y residencia en España.;;Barcelona;;;Creación y Producción Artística (Estudio propio, taller, autoedición).;;Dibujante / Ilustradora;;Dibujante / Ilustradora;;Sin actividad remunerada en el sector;6-10 años;Muy desfavorable;Ha empeorado ligeramente;3-5 espacios;Raramente (menos del 30%);Ocasionalmente;Jefes hombres ;Inviable: Mis ingresos dependo totalmente de otros trabajos o apoyos.;Menos de 5.000 €;0 - 20%;Nada proporcional ;Constantemente/siempre ;Influye totalmente;Preocupación alta;Constantemente / Siempre: (Representa un estado crónico o diario);Acceso parcial: Existen algunos mecanismos, pero son difíciles de activar o poco claros. ;Inexistentes: No existen políticas de este tipo. ;Limita bastante ;No ;No aplica;Constantemente / En múltiples ocasiones;Ocasionalmente ;Comunicación informalmente (compañeros, redes sociales, entorno directo) ;No aplica/Prefiero no responder;Barreras significativas ;Sesgos muy acentuados y sistemáticos;Sí, pero participo poco ;Ninguna vinculación: No formo parte de ninguna estructura asociativa. ;Sí;No;No;Sí;Sí;No;No;Acceso funcional: Accedo a formación útil de forma habitual.;Ninguno;Ninguno ;Muy insuficiente ;Constantemente: He tenido que rechazar prácticamente todas las ofertas.;No;Sí;Sí;No;Sí;No;No;No;Combinación de varios mecanismos;Alta: Sí, deseo participar de forma activa.;Media;Nunca;Poco;;;;;;Bastante;A veces;Pesimista;;Lo consultaré en la web oficial sectorialcomic.com;;80276;502;;591;;742;;;;;;;;;;;;2215;;;;37331;;;;;;;2261;;;;;3009;;;;1855;;;;3347;;;;;1457;;;456;;;;195;;;;1191;;;7451;;;;1873;;;;;;;;;;;2099;;;;1164;;
289;24-02-2026 19:47;19;es;708652681;24-02-2026 19:35;24-02-2026 19:47;Sí, autorizo el uso anónimo. ;de 35 a 44;Mujer;;Formación Profesional de Grado Superior (Ciclos Formativos de Grado Superior, FP II, Maestría Industrial);Nacionalidad española y residencia en España.;;Madrid;;;Creación y Producción Artística (Estudio propio, taller, autoedición).;;Dibujante / Ilustradora;;Autora integral;;Autónoma con clientes habituales;Más de 15 años;Desfavorable;Ha empeorado ligeramente;1-2 espacios;Frecuentemente (61-99%);Raramente;Poca remuneración ;Muy precaria: El cómic es una actividad secundaria, necesito otros trabajos constantes para subsistir.;Menos de 5.000 €;0 - 20%;Nada proporcional ;Ocasionalmente (1-3 veces al año) ;Influye bastante;Preocupación alta;Frecuentemente: (Es una situación habitual o recurrente).;Sin acceso: No dispongo de mecanismo de apoyo. ;Inexistentes: No existen políticas de este tipo. ;Limita moderadamente ;No ;No aplica;Ocasionalmente ;Nunca ;;;No percibo barreras ;No hay sesgos ;No sé;Vinculación muy baja: Conozco su existencia, pero no soy miembro ni participo. ;Sí;No;No;No;Sí;No;Sí;Acceso muy limitado: Formación escasa o difícil de localizar.;1-2 proyectos;1-2 proyectos ;Insuficiente ;Nunca: He aceptado todas las ofertas recibidas.;Sí;No;No;No;No;No;Sí;Sí;Comisiones de seguimiento sectoriales;Baja: Quizás, dependiendo del tipo de iniciativa.;Baja;Raramente;Nada (Presión constante);;;;;;Poco;Frecuentemente;Pesimista;;Lo consultaré en la web oficial sectorialcomic.com;;72562;496;;655;;11424;;;;;;;;;;;;3589;;;;10692;;;;;;;4902;;;;;3887;;;;2175;;;;1578;;;;;3022;;;422;;;;3231;;;;2163;;;8007;;;;6075;;;;;;;;;;;3791;;;;2655;;
291;24-02-2026 21:31;19;es;758847840;24-02-2026 21:12;24-02-2026 21:31;Sí, autorizo el uso anónimo. ;de 45 a 54;Mujer;;Enseñanza Universitaria de Segundo o Tercer Ciclo (Licenciatura, Máster Oficial, Doctorado, Especialidad médica);Nacionalidad española y residencia en España.;;Barcelona;;;Otro;Diseño gráfico;Dibujante / Ilustradora;;Ninguno;;Freelance / Por proyectos puntuales;2-5 años;Neutral / Equilibrada;Ha mejorado ligeramente;Ninguno;Frecuentemente (61-99%);Muy frecuentemente;Ilustración digital para apps;Inviable: Mis ingresos dependo totalmente de otros trabajos o apoyos.;Menos de 5.000 €;0 - 20%;Nada proporcional ;Frecuentemente (más de 3 veces al año) ;Influye totalmente;Preocupación muy alta/ crítica;Constantemente / Siempre: (Representa un estado crónico o diario);No sé / No aplica a mi situación;No sé/No aplica a mi situación;Limita moderadamente ;Sí, raramente;Completamente: Recae exclusivamente en mí. ;Constantemente / En múltiples ocasiones;Frecuentemente ;Denuncié formalmente (recursos humanos, instituciones, vía legal) ;Respuesta insuficiente;Barreras insuperables;Sesgos claros/evidentes;Sí, pero no participo en ella ;Vinculación moderada: Soy miembro, pero mi participación es nula o muy escasa. ;Sí;No;No;No;No;Sí;Sí;Acceso funcional: Accedo a formación útil de forma habitual.;3-5 proyectos;Ninguno ;Totalmente suficiente ;Constantemente: He tenido que rechazar prácticamente todas las ofertas.;Sí;Sí;No;No;No;No;Sí;No;Sanciones económicas por incumplimiento;Moderada: Sí, pero con reservas por mi tiempo disponible.;Alta;Raramente;Nada (Presión constante);;;;;;Bastante;Constantemente (Es una idea diaria/muy recurrente);Incertidumbre / Neutro;Si la situación de la mujer ha mejorado internamente es porque es un sector tan precario que nadie te pone pegas desde dentro. Total… si no hay dinero. Publicar un cómic es ya estar en la cima, porque no hay más. El caso es que está menos mal visto un hombre mantenido para que pueda trabajar en su arte que una mujer, y ellos se permiten jugar más con la precariedad.;Otro;merigil@gmail.com;113268;2427;;867;;12344;;;;;;;;;;;;5672;;;;5844;;;;;;;5187;;;;;7025;;;;5105;;;;9248;;;;;4023;;;4491;;;;5048;;;;1663;;;7047;;;;5112;;;;;;;;;;;5116;;;;27049;;
296;24-02-2026 22:37;19;es;655901433;24-02-2026 22:15;24-02-2026 22:37;Sí, autorizo el uso anónimo. ;de 35 a 44;Mujer;;Enseñanza Universitaria de Segundo o Tercer Ciclo (Licenciatura, Máster Oficial, Doctorado, Especialidad médica);Nacionalidad española y residencia en España.;;Madrid;;;Docencia e Investigación (Universidades, escuelas de arte, talleres).;;Divulgadora / Crítica;;Redactora;;Sin actividad remunerada en el sector;11-15 años;Neutral / Equilibrada;Ha mejorado ligeramente;Ninguno;Ocasionalmente (31- 60%);Frecuentemente;Pago escasísimo para trabajos de redacción ;Inviable: Mis ingresos dependo totalmente de otros trabajos o apoyos.;Menos de 5.000 €;0 - 20%;Nada proporcional ;Ocasionalmente (1-3 veces al año) ;Influye totalmente;Preocupación alta;Frecuentemente: (Es una situación habitual o recurrente).;Acceso parcial: Existen algunos mecanismos, pero son difíciles de activar o poco claros. ;Inexistentes: No existen políticas de este tipo. ;Limita totalmente ;Sí, siempre ;Mayoritariamente: Yo asumo la mayor parte de la carga. ;Frecuentemente ;Nunca ;;;Barreras significativas ;Sesgos moderados ;Sí, pero no participo en ella ;Vinculación moderada: Soy miembro, pero mi participación es nula o muy escasa. ;Sí;No;No;No;Sí;No;Sí;Sin acceso: No encuentro formación sobre estos temas.;Ninguno;Ninguno ;Muy insuficiente ;Rara vez: He rechazado menos de una cuarta parte de las ofertas.;Sí;Sí;No;Sí;No;No;No;No;Combinación de varios mecanismos;Alta: Sí, deseo participar de forma activa.;;;;Alta;Muy Insuficiente;Parcialmente respetada;Reedición y restauración de obras descatalogadas.;;Bastante;A veces;Muy Pesimista (Lo veo imposible);;Otro;mmmara7@gmail.com;136517;2584;;1864;;16145;;;;;;;;;;;;4504;;;;27426;;;;;;;6101;;;;;4553;;;;4447;;;;4724;;;;;2666;;;12907;;;;4552;;;;3916;;;10448;;;;;;;;19494;;;;;;;6778;;;;3408;;
297;24-02-2026 22:31;19;es;1466038459;24-02-2026 22:20;24-02-2026 22:31;Sí, autorizo el uso anónimo. ;de 35 a 44;Mujer;;Bachillerato (Bachillerato LOGSE/LOE, BUP, COU, PREU);Nacionalidad española y residencia en España.;;Madrid;;;Creación y Producción Artística (Estudio propio, taller, autoedición).;;Autora integral;;Divulgadora / Crítica;;Freelance / Por proyectos puntuales;Más de 15 años;Desfavorable;Ha mejorado ligeramente;Más de 10 espacios;Ocasionalmente (31- 60%);Ocasionalmente;salarios bajos;Viable con apoyos: Vivo mayoritariamente del cómic, aunque realizo colaboraciones externas ocasionales.;Entre el SMI y 25.000 €;61 - 80%;Poco proporcional ;Ocasionalmente (1-3 veces al año) ;Influye moderadamente;Preocupación moderada;Ocasionalmente: (Sucede a veces, pero no es la tónica general).;Acceso muy limitado: Solo en casos extremos o sin remuneración. ;Inexistentes: No existen políticas de este tipo. ;Limita muy poco ;No ;No aplica;Frecuentemente ;Ocasionalmente ;No aplica/Prefiero no responder;;Barreras significativas ;Sesgos muy acentuados y sistemáticos;Sí, participo activamente ;Vinculación muy alta: Soy miembro y participo activamente (cargos de representación, grupos de trabajo o comisiones).;Sí;No;Sí;No;No;No;Sí;No he buscado formación ;3-5 proyectos;3-5 proyectos ;Insuficiente ;Rara vez: He rechazado menos de una cuarta parte de las ofertas.;Sí;Sí;No;No;No;Sí;No;No;Auditorías externas independientes;Muy alta: Sí, especialmente en roles de gestión o liderazgo;Media;A veces;Bastante;;;;;;Totalmente (Ha condicionado toda mi carrera);Nunca;Optimista;procupacion por l autilizacion de la Inteligencia Artifficial;Lo consultaré en la web oficial sectorialcomic.com;;66493;529;;45;;13872;;;;;;;;;;;;2959;;;;5764;;;;;;;273;;;;;2731;;;;2396;;;;2749;;;;;2041;;;4843;;;;5097;;;;2118;;;7027;;;;383;;;;;;;;;;;3606;;;;3751;;
298;24-02-2026 22:57;19;es;1860999082;24-02-2026 22:32;24-02-2026 22:57;Sí, autorizo el uso anónimo. ;de 25 a 34;Mujer;;Enseñanza Universitaria de Segundo o Tercer Ciclo (Licenciatura, Máster Oficial, Doctorado, Especialidad médica);Nacionalidad española y residencia en España.;;Valencia;;;Tercer Sector / Asociacionismo (ONGs, asociaciones profesionales).;;Dibujante / Ilustradora;;Guionista;;Sin actividad remunerada en el sector;Menos de 2 años;Favorable;Ha mejorado ligeramente;1-2 espacios;Raramente (menos del 30%);Nunca;;Muy precaria: El cómic es una actividad secundaria, necesito otros trabajos constantes para subsistir.;Menos de 5.000 €;0 - 20%;Nada proporcional ;Raramente (menos de una vez al año) ;Influye moderadamente;Preocupación muy alta/ crítica;Frecuentemente: (Es una situación habitual o recurrente).;Acceso parcial: Existen algunos mecanismos, pero son difíciles de activar o poco claros. ;Inexistentes: No existen políticas de este tipo. ;Limita bastante ;No ;No aplica;Raramente ;Nunca ;;;Barreras moderadas ;Sesgos moderados ;Sí, pero participo poco ;Vinculación muy baja: Conozco su existencia, pero no soy miembro ni participo. ;No;No;Sí;No;Sí;Sí;No;Acceso parcial: Encuentro información, pero es incompleta o poco clara.;1-2 proyectos;1-2 proyectos ;Insuficiente ;Nunca: He aceptado todas las ofertas recibidas.;No;Sí;No;No;No;Sí;No;Sí;Combinación de varios mecanismos;Alta: Sí, deseo participar de forma activa.;Baja;Raramente;Totalmente (Libertad absoluta);;;;;;En ninguna medida (Ningún impacto);A veces;Incertidumbre / Neutro;;Lo consultaré en la web oficial sectorialcomic.com;;147226;425;;439;;16562;;;;;;;;;;;;8057;;;;16781;;;;;;;7077;;;;;5902;;;;4676;;;;5833;;;;;3294;;;60436;;;;2395;;;;1487;;;605;;;;3442;;;;;;;;;;;2594;;;;1776;;
299;24-02-2026 23:06;19;es;640337660;24-02-2026 22:57;24-02-2026 23:06;Sí, autorizo el uso anónimo. ;de 45 a 54;Mujer;;Enseñanza Universitaria de Segundo o Tercer Ciclo (Licenciatura, Máster Oficial, Doctorado, Especialidad médica);Nacionalidad española y residencia en España.;;Asturias;;;Industria Editorial y Publicación (Trabajo para editoriales, prensa o medios).;;Guionista;;Guionista;;Sin actividad remunerada en el sector;6-10 años;Muy desfavorable;Se ha mantenido igual;Ninguno;Nunca;Ocasionalmente;;Inviable: Mis ingresos dependo totalmente de otros trabajos o apoyos.;Menos de 5.000 €;0 - 20%;Nada proporcional ;Raramente (menos de una vez al año) ;Influye totalmente;Ninguna preocupación;Nunca: (Representa la ausencia total de estos síntomas).;Acceso completo: Dispongo de protocolos claros, remunerados y de fácil acceso.;Inexistentes: No existen políticas de este tipo. ;Limita bastante ;Sí, regularmente ;Mayoritariamente: Yo asumo la mayor parte de la carga. ;Nunca ;Nunca ;;;No percibo barreras ;Sesgos muy acentuados y sistemáticos;No existen redes;Ninguna vinculación: No formo parte de ninguna estructura asociativa. ;No;No;No;No;Sí;Sí;Sí;Acceso fácil y regular: Tengo acceso sencillo a recursos formativos de alta calidad.;Ninguno;Ninguno ;Muy insuficiente ;Rara vez: He rechazado menos de una cuarta parte de las ofertas.;Sí;Sí;No;No;No;Sí;No;No;Sanciones económicas por incumplimiento;Moderada: Sí, pero con reservas por mi tiempo disponible.;Nula (Acepto condiciones impuestas);Nunca;Parcialmente;;;;;;Bastante;Frecuentemente;Muy Pesimista (Lo veo imposible);;No;;54772;548;;898;;9444;;;;;;;;;;;;2286;;;;5734;;;;;;;3208;;;;;343;;;;2849;;;;2298;;;;;1496;;;3838;;;;2634;;;;2439;;;6155;;;;3267;;;;;;;;;;;2714;;;;1534;;
301;24-02-2026 23:53;19;es;1943530301;24-02-2026 23:36;24-02-2026 23:53;Sí, autorizo el uso anónimo. ;de 55 a 64;Mujer;;Enseñanza Universitaria de Segundo o Tercer Ciclo (Licenciatura, Máster Oficial, Doctorado, Especialidad médica);Nacionalidad española y residencia en España.;;Valencia;;;Creación y Producción Artística (Estudio propio, taller, autoedición).;;Dibujante / Ilustradora;;Colorista;;Freelance / Por proyectos puntuales;6-10 años;Desfavorable;Se ha mantenido igual;6-10 espacios;Frecuentemente (61-99%);Ocasionalmente;trabajar sin contrato;Inviable: Mis ingresos dependo totalmente de otros trabajos o apoyos.;Menos de 5.000 €;0 - 20%;Nada proporcional ;Frecuentemente (más de 3 veces al año) ;Influye moderadamente;Preocupación moderada;Raramente: (Situaciones muy aisladas o excepcionales).;Acceso funcional: Los mecanismos son conocidos y habitualmente accesibles cuando se necesitan.;Inexistentes: No existen políticas de este tipo. ;Limita moderadamente ;Sí, raramente;Compartida: El reparto es equitativo ;Frecuentemente ;Ocasionalmente ;Comunicación informalmente (compañeros, redes sociales, entorno directo) ;Respuesta muy inadecuada;Barreras moderadas ;Sesgos claros/evidentes;No sé;Ninguna vinculación: No formo parte de ninguna estructura asociativa. ;Sí;No;Sí;No;Sí;No;No;Acceso muy limitado: Formación escasa o difícil de localizar.;Ninguno;1-2 proyectos ;Insuficiente ;Rara vez: He rechazado menos de una cuarta parte de las ofertas.;Sí;Sí;Sí;No;No;No;No;No;No sé;Ninguna: No me interesa participar.;Baja;Nunca;Bastante;;;;;;Totalmente (Ha condicionado toda mi carrera);Nunca;Incertidumbre / Neutro;;Lo consultaré en la web oficial sectorialcomic.com;;9986;77;;2102;;12998;;;;;;;;;;;;8331;;;;16331;;;;;;;5071;;;;;5059;;;;3513;;;;874;;;;;2211;;;10243;;;;6091;;;;33;;;7395;;;;3947;;;;;;;;;;;2501;;;;1257;;
302;25-02-2026 0:35;19;es;298258253;25-02-2026 0:26;25-02-2026 0:35;Sí, autorizo el uso anónimo. ;de 25 a 34;Mujer;;Enseñanza Universitaria de Primer Ciclo o Grado (Diplomatura, Grado Universitario, Ingeniería/Arquitectura Técnica);Nacionalidad española y residencia en España.;;Santa Cruz de Tenerife;;;Industria Editorial y Publicación (Trabajo para editoriales, prensa o medios).;;Dibujante / Ilustradora;;Ninguno;;Freelance / Por proyectos puntuales;6-10 años;Desfavorable;Ha empeorado ligeramente;3-5 espacios;Ocasionalmente (31- 60%);Frecuentemente;Grandes retrasos en los pagos;Inestable: Reparto mi tiempo entre el cómic y otras actividades para alcanzar el ingreso mínimo.;Entre 5.001 € y el Salario Mínimo Interprofesional (aprox. 15.876 €);41 - 60%;Nada proporcional ;Constantemente/siempre ;Influye bastante;Preocupación muy alta/ crítica;Frecuentemente: (Es una situación habitual o recurrente).;Acceso muy limitado: Solo en casos extremos o sin remuneración. ;Inexistentes: No existen políticas de este tipo. ;Limita moderadamente ;No ;No aplica;Raramente ;Nunca ;;;No percibo barreras ;Sesgos claros/evidentes;Sí, pero es inaccesible o desconocida ;Ninguna vinculación: No formo parte de ninguna estructura asociativa. ;Sí;No;No;No;Sí;No;Sí;Acceso parcial: Encuentro información, pero es incompleta o poco clara.;3-5 proyectos;3-5 proyectos ;Insuficiente ;Ocasionalmente: He rechazado aproximadamente la mitad de las ofertas.;Sí;Sí;No;No;No;No;No;Sí;Sanciones económicas por incumplimiento;Moderada: Sí, pero con reservas por mi tiempo disponible.;Baja;A veces;Bastante;;;;;;Moderadamente;Frecuentemente;Pesimista;;Otro;aliciawarhola@gmail.com;55302;714;;622;;6264;;;;;;;;;;;;1926;;;;5722;;;;;;;2023;;;;;1636;;;;1213;;;;115;;;;;94;;;312;;;;1944;;;;913;;;22818;;;;1995;;;;;;;;;;;1574;;;;728;;
305;25-02-2026 8:30;19;es;2065792440;25-02-2026 8:20;25-02-2026 8:30;Sí, autorizo el uso anónimo. ;de 55 a 64;Mujer;;Enseñanza Universitaria de Segundo o Tercer Ciclo (Licenciatura, Máster Oficial, Doctorado, Especialidad médica);Nacionalidad española y residencia en España.;;Navarra;;;Docencia e Investigación (Universidades, escuelas de arte, talleres).;;Divulgadora / Crítica;;Ninguno;;Freelance / Por proyectos puntuales;2-5 años;Neutral / Equilibrada;Ha mejorado ligeramente;6-10 espacios;Ocasionalmente (31- 60%);Raramente;;Muy precaria: El cómic es una actividad secundaria, necesito otros trabajos constantes para subsistir.;Menos de 5.000 €;0 - 20%;Parcialmente proporcional ;Raramente (menos de una vez al año) ;Influye muy poco;Preocupación baja;Raramente: (Situaciones muy aisladas o excepcionales).;Acceso parcial: Existen algunos mecanismos, pero son difíciles de activar o poco claros. ;Insuficientes: Ofrecen un apoyo básico y se aplican, pero es muy limitado para las necesidades del sector ;Limita muy poco ;Sí, raramente;Ligeramente: Mi carga es secundaria ;Ocasionalmente ;Nunca ;;;Barreras moderadas ;Sesgos muy leves ;Sí, pero es inaccesible o desconocida ;Ninguna vinculación: No formo parte de ninguna estructura asociativa. ;Sí;No;Sí;No;Sí;No;No;Acceso parcial: Encuentro información, pero es incompleta o poco clara.;1-2 proyectos;1-2 proyectos ;Insuficiente ;Nunca: He aceptado todas las ofertas recibidas.;No;Sí;No;No;No;Sí;Sí;No;Comisiones de seguimiento sectoriales;Baja: Quizás, dependiendo del tipo de iniciativa.;;;;Media;Parcialmente suficiente;Parcialmente respetada;Publicación de ensayos teóricos y monografías académicas.;;Moderadamente;Raramente;Incertidumbre / Neutro;;Lo consultaré en la web oficial sectorialcomic.com;;65686;1715;;1705;;14131;;;;;;;;;;;;4409;;;;6723;;;;;;;2732;;;;;264;;;;2059;;;;292;;;;;1348;;;4415;;;;2867;;;;1578;;;5056;;;;;;;;6512;;;;;;;262;;;;2256;;
309;25-02-2026 11:01;19;es;1178890385;25-02-2026 10:49;25-02-2026 11:01;Sí, autorizo el uso anónimo. ;de 35 a 44;Mujer;;Formación Profesional de Grado Superior (Ciclos Formativos de Grado Superior, FP II, Maestría Industrial);Nacionalidad española y residencia en España.;;Barcelona;;;Industria Editorial y Publicación (Trabajo para editoriales, prensa o medios).;;Autora integral;;Redactora;;Autónoma con clientes habituales;6-10 años;Neutral / Equilibrada;Ha mejorado ligeramente;Más de 10 espacios;Ocasionalmente (31- 60%);Raramente;No especificación de la durada de la colaboración ;Plenamente estable: Vivo exclusivamente y de forma estable de mi actividad profesional en el cómic.;Entre 25.001 € y 40.000 €;81 - 100%;Mayormente proporcional ;Raramente (menos de una vez al año) ;Influye muy poco;Preocupación baja;Ocasionalmente: (Sucede a veces, pero no es la tónica general).;Acceso parcial: Existen algunos mecanismos, pero son difíciles de activar o poco claros. ;Inexistentes: No existen políticas de este tipo. ;No limita en absoluto ;No ;No aplica;Ocasionalmente ;Nunca ;;;Barreras mínimas ;Sesgos moderados ;Sí, pero es inaccesible o desconocida ;Ninguna vinculación: No formo parte de ninguna estructura asociativa. ;Sí;No;No;Sí;Sí;No;No;No he buscado formación ;Más de 10 proyectos;Más de 10 proyectos ;Mayormente suficiente ;Ocasionalmente: He rechazado aproximadamente la mitad de las ofertas.;No;Sí;No;No;Sí;No;Sí;No;Sanciones económicas por incumplimiento;Baja: Quizás, dependiendo del tipo de iniciativa.;Alta;Siempre (Blindaje total);Totalmente (Libertad absoluta);;;;;;Poco;Nunca;Optimista;;Lo consultaré en la web oficial sectorialcomic.com;;74187;2452;;107;;15694;;;;;;;;;;;;3084;;;;9277;;;;;;;6523;;;;;4584;;;;2881;;;;2588;;;;;2481;;;4638;;;;3557;;;;2845;;;5728;;;;3273;;;;;;;;;;;2201;;;;1311;;
311;25-02-2026 11:43;19;es;943012797;25-02-2026 11:02;25-02-2026 11:43;Sí, autorizo el uso anónimo. ;de 25 a 34;Mujer;;Enseñanza Universitaria de Segundo o Tercer Ciclo (Licenciatura, Máster Oficial, Doctorado, Especialidad médica);Nacionalidad española y residencia en España.;;Granada;;;Creación y Producción Artística (Estudio propio, taller, autoedición).;;Autora integral;;Dibujante / Ilustradora;;Sin actividad remunerada en el sector;11-15 años;Muy desfavorable;Ha mejorado ligeramente;1-2 espacios;Siempre (100% de mis trabajos);Nunca;;Inviable: Mis ingresos dependo totalmente de otros trabajos o apoyos.;Menos de 5.000 €;0 - 20%;Nada proporcional ;Ocasionalmente (1-3 veces al año) ;Influye totalmente;Preocupación muy alta/ crítica;Frecuentemente: (Es una situación habitual o recurrente).;Sin acceso: No dispongo de mecanismo de apoyo. ;Inexistentes: No existen políticas de este tipo. ;Limita moderadamente ;Sí, regularmente ;Ligeramente: Mi carga es secundaria ;Nunca ;Nunca ;;;Barreras moderadas ;Sesgos moderados ;Sí, pero participo poco ;Vinculación muy baja: Conozco su existencia, pero no soy miembro ni participo. ;Sí;Sí;No;No;Sí;No;No;Acceso muy limitado: Formación escasa o difícil de localizar.;Ninguno;1-2 proyectos ;Muy insuficiente ;Frecuentemente: He rechazado la mayoría de las ofertas.;Sí;Sí;No;No;No;No;Sí;No;No sé;Baja: Quizás, dependiendo del tipo de iniciativa.;Nula (Acepto condiciones impuestas);Nunca;Bastante;;;;;;En ninguna medida (Ningún impacto);Constantemente (Es una idea diaria/muy recurrente);Pesimista;Mi percepción es que la industria del cómic en España es un desastre y resulta inviable dedicarse a la profesión de autor de cómic, tenga el género que tenga uno. No se ofrece una remuneración que permita alcanzar el sueldo mínimo interprofesional (quizá sí ocurra en publicaciones muy concretas, como tiras cómicas sencillas para periódicos, no lo sé). Creo que esto es especialmente así para las personas que dibujamos estilo manga (lo cual es común entre personas de género femenino o no binario). Da igual que una tenga una calidad excelente y un ritmo de producción bueno: es imposible vivir de hacer un cómic propio, así que muchas autoras y autores se ven obligados a buscar remuneración en plataformas de mecenazgo y donaciones, ya que, por extraño que parezca, eso tiene una mayor posibilidad de rentabilidad que ser publicada por las editoriales españolas. Lo mismo pasa con la traducción, sector del que también soy profesional, pero que no he incluido en la encuesta porque llevo más de dos años sin encontrar trabajo de ello. No sé si los hombres cishetero lo tienen comparativamente más fácil que los demás géneros, pero sí veo claro que la situación está muy mal para todas las personas del sector.;Otro;toru.hu@gmail.com;245845;3178;;2495;;1883;;;;;;;;;;;;59004;;;;10619;;;;;;;4825;;;;;4962;;;;11065;;;;7356;;;;;3782;;;8536;;;;20677;;;;4516;;;13305;;;;5265;;;;;;;;;;;5426;;;;62004;;
312;25-02-2026 11:16;19;es;1610318645;25-02-2026 11:04;25-02-2026 11:16;Sí, autorizo el uso anónimo. ;de 35 a 44;Mujer;;Enseñanza Universitaria de Segundo o Tercer Ciclo (Licenciatura, Máster Oficial, Doctorado, Especialidad médica);Nacionalidad española y residencia en España.;;Pontevedra;;;Industria Editorial y Publicación (Trabajo para editoriales, prensa o medios).;;Dibujante / Ilustradora;;Guionista;;Freelance / Por proyectos puntuales;2-5 años;Desfavorable;Ha mejorado ligeramente;1-2 espacios;Nunca;Raramente;Remuneración baja;Muy precaria: El cómic es una actividad secundaria, necesito otros trabajos constantes para subsistir.;Menos de 5.000 €;0 - 20%;Nada proporcional ;Nunca;Influye totalmente;Preocupación alta;Ocasionalmente: (Sucede a veces, pero no es la tónica general).;No sé / No aplica a mi situación;Ineficaces: Existen formalmente pero no sirven en la práctica. ;Limita muy poco ;No ;No aplica;Nunca ;Nunca ;;;Barreras mínimas ;Sesgos moderados ;Sí, pero no participo en ella ;Vinculación muy baja: Conozco su existencia, pero no soy miembro ni participo. ;Sí;No;Sí;Sí;No;No;No;Acceso parcial: Encuentro información, pero es incompleta o poco clara.;1-2 proyectos;1-2 proyectos ;Parcialmente suficiente ;Ocasionalmente: He rechazado aproximadamente la mitad de las ofertas.;Sí;No;No;No;No;Sí;Sí;No;No sé;Moderada: Sí, pero con reservas por mi tiempo disponible.;Media;Siempre (Blindaje total);Totalmente (Libertad absoluta);;;;;;Moderadamente;A veces;Pesimista;;Lo consultaré en la web oficial sectorialcomic.com;;74571;743;;1203;;9595;;;;;;;;;;;;2893;;;;14607;;;;;;;3374;;;;;4835;;;;2445;;;;2396;;;;;21;;;5227;;;;5022;;;;2468;;;652;;;;6491;;;;;;;;;;;2908;;;;1744;;
313;25-02-2026 12:31;19;es;2102499442;25-02-2026 12:18;25-02-2026 12:31;Sí, autorizo el uso anónimo. ;de 35 a 44;Mujer;;Formación Profesional de Grado Medio (Ciclos Formativos de Grado Medio, FP I, Oficialía Industrial);Nacionalidad española y residencia en España.;;Guipúzcoa;;;Instituciones y Gestión Cultural (Bibliotecas, museos, administración pública, eventos);;Promotora / Comisaria o gestora cultural;;Diseñadora gráfica;;Autónoma con clientes habituales;2-5 años;Neutral / Equilibrada;Ha mejorado ligeramente;Más de 10 espacios;Raramente (menos del 30%);Nunca;;Plenamente estable: Vivo exclusivamente y de forma estable de mi actividad profesional en el cómic.;Más de 40.000 € ;81 - 100%;Totalmente proporcional;Raramente (menos de una vez al año) ;No influye en absoluto;Ninguna preocupación;Nunca: (Representa la ausencia total de estos síntomas).;Acceso muy limitado: Solo en casos extremos o sin remuneración. ;No sé/No aplica a mi situación;Limita muy poco ;Sí, regularmente ;Mayoritariamente: Yo asumo la mayor parte de la carga. ;Raramente ;Nunca ;;;No percibo barreras ;Sesgos muy leves ;No sé;Vinculación muy baja: Conozco su existencia, pero no soy miembro ni participo. ;Sí;No;Sí;No;Sí;No;No;No he buscado formación ;Más de 10 proyectos;Más de 10 proyectos ;Totalmente suficiente ;Rara vez: He rechazado menos de una cuarta parte de las ofertas.;No;Sí;No;No;No;Sí;Sí;No;Auditorías externas independientes;Baja: Quizás, dependiendo del tipo de iniciativa.;;;;Media;Suficiente;Muy respetada;Programación de mesas redondas y presencia en festivales.;;Poco;Nunca;Muy optimista (Lo veo viable y seguro);control IA;Lo consultaré en la web oficial sectorialcomic.com;;77819;52;;439;;23744;;;;;;;;;;;;2287;;;;4793;;;;;;;3117;;;;;3724;;;;6867;;;;1382;;;;;186;;;3442;;;;3804;;;;2181;;;5348;;;;;;;;963;;;;;;;2472;;;;2209;;
314;25-02-2026 12:46;19;es;1327450505;25-02-2026 12:35;25-02-2026 12:46;Sí, autorizo el uso anónimo. ;de 35 a 44;Mujer;;Enseñanza Universitaria de Primer Ciclo o Grado (Diplomatura, Grado Universitario, Ingeniería/Arquitectura Técnica);Nacionalidad española y residencia en España.;;Granada;;;Creación y Producción Artística (Estudio propio, taller, autoedición).;;Dibujante / Ilustradora;;Guionista;;Autónoma con clientes habituales;11-15 años;Favorable;Ha mejorado significativamente;Más de 10 espacios;Raramente (menos del 30%);Nunca;;Plenamente estable: Vivo exclusivamente y de forma estable de mi actividad profesional en el cómic.;Más de 40.000 € ;81 - 100%;Parcialmente proporcional ;Raramente (menos de una vez al año) ;No influye en absoluto;Preocupación baja;Frecuentemente: (Es una situación habitual o recurrente).;Acceso muy limitado: Solo en casos extremos o sin remuneración. ;Insuficientes: Ofrecen un apoyo básico y se aplican, pero es muy limitado para las necesidades del sector ;Limita muy poco ;No ;No aplica;Ocasionalmente ;Nunca ;;;No percibo barreras ;Sesgos muy leves ;Sí, pero no participo en ella ;Ninguna vinculación: No formo parte de ninguna estructura asociativa. ;Sí;Sí;No;Sí;No;No;No;No he buscado formación ;Más de 10 proyectos;Más de 10 proyectos ;Totalmente suficiente ;Rara vez: He rechazado menos de una cuarta parte de las ofertas.;Sí;No;No;No;No;Sí;Sí;No;Combinación de varios mecanismos;Baja: Quizás, dependiendo del tipo de iniciativa.;Alta;Siempre (Blindaje total);Bastante;;;;;;En ninguna medida (Ningún impacto);Nunca;Muy optimista (Lo veo viable y seguro);;Lo consultaré en la web oficial sectorialcomic.com;;62595;523;;551;;13288;;;;;;;;;;;;1958;;;;5172;;;;;;;4387;;;;;2409;;;;2175;;;;1764;;;;;1838;;;5771;;;;3249;;;;3371;;;786;;;;4162;;;;;;;;;;;3163;;;;954;;
315;25-02-2026 13:14;19;es;2082781869;25-02-2026 13:00;25-02-2026 13:14;Sí, autorizo el uso anónimo. ;de 55 a 64;Mujer;;Secundaria (Título de la ESO, Graduado Escolar, Bachiller Elemental);Nacionalidad española y residencia en España.;;Alicante;;;Creación y Producción Artística (Estudio propio, taller, autoedición).;;Dibujante / Ilustradora;;Dibujante / Ilustradora;;Autónoma con clientes habituales;6-10 años;Desfavorable;Ha mejorado ligeramente;3-5 espacios;Ocasionalmente (31- 60%);Ocasionalmente;Retraso en el pago y remuneración muy baja;Viable con apoyos: Vivo mayoritariamente del cómic, aunque realizo colaboraciones externas ocasionales.;Más de 40.000 € ;61 - 80%;Parcialmente proporcional ;Ocasionalmente (1-3 veces al año) ;Influye muy poco;Preocupación moderada;Ocasionalmente: (Sucede a veces, pero no es la tónica general).;Acceso muy limitado: Solo en casos extremos o sin remuneración. ;Ineficaces: Existen formalmente pero no sirven en la práctica. ;Limita bastante ;Sí, frecuentemente;Compartida: El reparto es equitativo ;Ocasionalmente ;Raramente ;No aplica/Prefiero no responder;;Barreras mínimas ;Sesgos moderados ;Sí, pero no participo en ella ;Vinculación muy baja: Conozco su existencia, pero no soy miembro ni participo. ;No;Sí;No;Sí;Sí;No;No;No he buscado formación ;6-10 proyectos;6-10 proyectos ;Parcialmente suficiente ;Rara vez: He rechazado menos de una cuarta parte de las ofertas.;No;Sí;No;Sí;No;No;Sí;No;Informes anuales de transparencia obligatorios;Moderada: Sí, pero con reservas por mi tiempo disponible.;Media;A veces;Bastante;;;;;;Moderadamente;Raramente;Incertidumbre / Neutro;;Lo consultaré en la web oficial sectorialcomic.com;;79935;302;;675;;15671;;;;;;;;;;;;5871;;;;12348;;;;;;;444;;;;;3824;;;;2992;;;;4436;;;;;3029;;;4498;;;;3172;;;;1997;;;5974;;;;4549;;;;;;;;;;;2628;;;;811;;
317;25-02-2026 14:19;19;es;1340788197;25-02-2026 14:04;25-02-2026 14:19;Sí, autorizo el uso anónimo. ;de 35 a 44;Mujer;;Formación Profesional de Grado Superior (Ciclos Formativos de Grado Superior, FP II, Maestría Industrial);Nacionalidad española y residencia en España.;;Ávila;;;Creación y Producción Artística (Estudio propio, taller, autoedición).;;Colorista;;Autora integral;;Autónoma con clientes habituales;Más de 15 años;Desfavorable;Ha mejorado ligeramente;3-5 espacios;Raramente (menos del 30%);Raramente;En Europa, en USA no;Viable con apoyos: Vivo mayoritariamente del cómic, aunque realizo colaboraciones externas ocasionales.;Entre 25.001 € y 40.000 €;61 - 80%;Poco proporcional ;Ocasionalmente (1-3 veces al año) ;Influye moderadamente;Preocupación alta;Frecuentemente: (Es una situación habitual o recurrente).;Acceso muy limitado: Solo en casos extremos o sin remuneración. ;Inexistentes: No existen políticas de este tipo. ;Limita moderadamente ;No ;No aplica;Ocasionalmente ;Nunca ;;;Barreras moderadas ;Sesgos moderados ;No existen redes;Ninguna vinculación: No formo parte de ninguna estructura asociativa. ;Sí;No;No;No;No;Sí;Sí;Sin acceso: No encuentro formación sobre estos temas.;6-10 proyectos;Más de 10 proyectos ;Mayormente suficiente ;Rara vez: He rechazado menos de una cuarta parte de las ofertas.;No;Sí;No;No;No;No;Sí;Sí;Informes anuales de transparencia obligatorios;Moderada: Sí, pero con reservas por mi tiempo disponible.;Media;A veces;Parcialmente;;;;;;Moderadamente;Raramente;Optimista;;Lo consultaré en la web oficial sectorialcomic.com;;90479;217;;27721;;16669;;;;;;;;;;;;263;;;;6147;;;;;;;362;;;;;3678;;;;196;;;;1453;;;;;2453;;;4484;;;;2263;;;;1983;;;6668;;;;2843;;;;;;;;;;;2984;;;;753;;
318;25-02-2026 14:50;19;es;1661326825;25-02-2026 14:16;25-02-2026 14:50;Sí, autorizo el uso anónimo. ;de 35 a 44;Mujer;;Enseñanza Universitaria de Primer Ciclo o Grado (Diplomatura, Grado Universitario, Ingeniería/Arquitectura Técnica);Nacionalidad española y residencia en España.;;Valencia;;;Creación y Producción Artística (Estudio propio, taller, autoedición).;;Dibujante / Ilustradora;;Otro;Storyboard;Freelance / Por proyectos puntuales;2-5 años;Neutral / Equilibrada;Se ha mantenido igual;Ninguno;Ocasionalmente (31- 60%);Frecuentemente;Salario bajo y renuncia a derechos de autor;Inviable: Mis ingresos dependo totalmente de otros trabajos o apoyos.;Menos de 5.000 €;0 - 20%;Nada proporcional ;Ocasionalmente (1-3 veces al año) ;Influye bastante;Preocupación alta;Frecuentemente: (Es una situación habitual o recurrente).;Sin acceso: No dispongo de mecanismo de apoyo. ;Inexistentes: No existen políticas de este tipo. ;Limita moderadamente ;No ;No aplica;Frecuentemente ;Nunca ;;;Barreras mínimas ;Sesgos claros/evidentes;Sí, pero no participo en ella ;Ninguna vinculación: No formo parte de ninguna estructura asociativa. ;No;Sí;No;No;Sí;No;Sí;Acceso funcional: Accedo a formación útil de forma habitual.;Ninguno;Ninguno ;Insuficiente ;Rara vez: He rechazado menos de una cuarta parte de las ofertas.;Sí;Sí;No;No;Sí;No;No;No;Sanciones económicas por incumplimiento;Baja: Quizás, dependiendo del tipo de iniciativa.;Media;A veces;Parcialmente;;;;;;Poco;Constantemente (Es una idea diaria/muy recurrente);Muy Pesimista (Lo veo imposible);Deje de querer dedicarme al comic hace años;Lo consultaré en la web oficial sectorialcomic.com;;207983;3753;;8289;;43223;;;;;;;;;;;;2245;;;;18169;;;;;;;4104;;;;;8241;;;;3553;;;;1731;;;;;2203;;;6893;;;;7603;;;;3486;;;42106;;;;19929;;;;;;;;;;;5991;;;;6259;;
319;25-02-2026 15:30;19;es;1423477913;25-02-2026 15:12;25-02-2026 15:30;Sí, autorizo el uso anónimo. ;de 35 a 44;Mujer;;Formación Profesional de Grado Superior (Ciclos Formativos de Grado Superior, FP II, Maestría Industrial);Nacionalidad española y residencia en España.;;La Rioja;;;Industria Editorial y Publicación (Trabajo para editoriales, prensa o medios).;;Dibujante / Ilustradora;;Dibujante / Ilustradora;;Autónoma con clientes habituales;2-5 años;Neutral / Equilibrada;Ha mejorado ligeramente;1-2 espacios;Raramente (menos del 30%);Nunca;;Inestable: Reparto mi tiempo entre el cómic y otras actividades para alcanzar el ingreso mínimo.;Menos de 5.000 €;0 - 20%;Poco proporcional ;Ocasionalmente (1-3 veces al año) ;Influye moderadamente;Preocupación baja;Raramente: (Situaciones muy aisladas o excepcionales).;Acceso parcial: Existen algunos mecanismos, pero son difíciles de activar o poco claros. ;Ineficaces: Existen formalmente pero no sirven en la práctica. ;Limita muy poco ;No ;No aplica;Nunca ;Nunca ;;;No percibo barreras ;Sesgos muy leves ;No sé;Vinculación muy baja: Conozco su existencia, pero no soy miembro ni participo. ;Sí;Sí;No;Sí;No;No;No;No he buscado formación ;Más de 10 proyectos;Más de 10 proyectos ;Parcialmente suficiente ;Rara vez: He rechazado menos de una cuarta parte de las ofertas.;Sí;Sí;No;No;Sí;No;No;No;Sanciones económicas por incumplimiento;Moderada: Sí, pero con reservas por mi tiempo disponible.;Media;Frecuentemente;Totalmente (Libertad absoluta);;;;;;En ninguna medida (Ningún impacto);A veces;Muy optimista (Lo veo viable y seguro);No;Lo consultaré en la web oficial sectorialcomic.com;;109156;579;;149;;19527;;;;;;;;;;;;579;;;;6795;;;;;;;8436;;;;;6841;;;;5343;;;;4729;;;;;2081;;;6519;;;;4992;;;;9049;;;6204;;;;8084;;;;;;;;;;;10918;;;;1779;;
320;25-02-2026 15:40;19;es;967829652;25-02-2026 15:14;25-02-2026 15:40;Sí, autorizo el uso anónimo. ;de 35 a 44;Mujer;;Enseñanza Universitaria de Segundo o Tercer Ciclo (Licenciatura, Máster Oficial, Doctorado, Especialidad médica);Nacionalidad española residente en el extranjero.;;;España;Paris, Francia;Industria Editorial y Publicación (Trabajo para editoriales, prensa o medios).;;Traductora;;Ninguno;;Autónoma con clientes habituales;6-10 años;Muy desfavorable;Se ha mantenido igual;Ninguno;Frecuentemente (61-99%);Ocasionalmente;trabajar sin contrato y sin royalties, no recibir ejemplares justificativos;Muy precaria: El cómic es una actividad secundaria, necesito otros trabajos constantes para subsistir.;Menos de 5.000 €;0 - 20%;Poco proporcional ;Nunca;Influye totalmente;Preocupación alta;Frecuentemente: (Es una situación habitual o recurrente).;Sin acceso: No dispongo de mecanismo de apoyo. ;Inexistentes: No existen políticas de este tipo. ;Limita totalmente ;No ;No aplica;Raramente ;Nunca ;;;Barreras moderadas ;Sesgos claros/evidentes;No sé;Vinculación moderada: Soy miembro, pero mi participación es nula o muy escasa. ;Sí;No;No;Sí;Sí;No;No;Acceso parcial: Encuentro información, pero es incompleta o poco clara.;Más de 10 proyectos;Más de 10 proyectos ;Insuficiente ;Rara vez: He rechazado menos de una cuarta parte de las ofertas.;Sí;Sí;No;No;No;No;Sí;No;Combinación de varios mecanismos;Moderada: Sí, pero con reservas por mi tiempo disponible.;Nula (Acepto condiciones impuestas);A veces;Poco;;;;;;Moderadamente;Raramente;Muy Pesimista (Lo veo imposible);;Otro;albapagan@gmail.com;158349;636;;1806;;1014;;;;;;;;;;;;3494;;;;12848;;;;;;;88791;;;;;301;;;;2323;;;;2517;;;;;267;;;5218;;;;5008;;;;2313;;;7991;;;;4889;;;;;;;;;;;3047;;;;1648;;
321;25-02-2026 15:31;19;es;2087171158;25-02-2026 15:17;25-02-2026 15:31;Sí, autorizo el uso anónimo. ;de 25 a 34;Mujer;;Enseñanza Universitaria de Segundo o Tercer Ciclo (Licenciatura, Máster Oficial, Doctorado, Especialidad médica);Nacionalidad española y residencia en España.;;Sevilla;;;Industria Editorial y Publicación (Trabajo para editoriales, prensa o medios).;;Autora integral;;Dibujante / Ilustradora;;Freelance / Por proyectos puntuales;2-5 años;Desfavorable;Ha mejorado significativamente;3-5 espacios;Nunca;Nunca;;Muy precaria: El cómic es una actividad secundaria, necesito otros trabajos constantes para subsistir.;Menos de 5.000 €;0 - 20%;Poco proporcional ;Nunca;Influye bastante;Preocupación alta;Ocasionalmente: (Sucede a veces, pero no es la tónica general).;Sin acceso: No dispongo de mecanismo de apoyo. ;Ineficaces: Existen formalmente pero no sirven en la práctica. ;Limita muy poco ;No ;No aplica;Ocasionalmente ;Nunca ;;;Barreras significativas ;Sesgos moderados ;Sí, pero no participo en ella ;Vinculación muy baja: Conozco su existencia, pero no soy miembro ni participo. ;Sí;Sí;No;No;Sí;No;No;Acceso parcial: Encuentro información, pero es incompleta o poco clara.;1-2 proyectos;1-2 proyectos ;Insuficiente ;Rara vez: He rechazado menos de una cuarta parte de las ofertas.;Sí;No;No;No;No;Sí;No;Sí;Revisión participativa con profesionales;Alta: Sí, deseo participar de forma activa.;Alta;Frecuentemente;Poco;;;;;;Moderadamente;Frecuentemente;Incertidumbre / Neutro;;Otro;isadcjc@gmail.com;86956;2854;;1615;;17109;;;;;;;;;;;;5764;;;;566;;;;;;;3428;;;;;10256;;;;2531;;;;4475;;;;;4592;;;6232;;;;3341;;;;1543;;;8598;;;;4511;;;;;;;;;;;3084;;;;1363;;
322;25-02-2026 15:44;19;es;2102266599;25-02-2026 15:35;25-02-2026 15:44;Sí, autorizo el uso anónimo. ;de 25 a 34;Mujer;;Enseñanza Universitaria de Segundo o Tercer Ciclo (Licenciatura, Máster Oficial, Doctorado, Especialidad médica);Nacionalidad española y residencia en España.;;Valencia;;;Industria Editorial y Publicación (Trabajo para editoriales, prensa o medios).;;Traductora;;Ninguno;;Freelance / Por proyectos puntuales;Menos de 2 años;Favorable;Ha mejorado ligeramente;Ninguno;Ocasionalmente (31- 60%);Nunca;;Inviable: Mis ingresos dependo totalmente de otros trabajos o apoyos.;Menos de 5.000 €;0 - 20%;Poco proporcional ;Ocasionalmente (1-3 veces al año) ;Influye moderadamente;Preocupación muy alta/ crítica;Frecuentemente: (Es una situación habitual o recurrente).;No sé / No aplica a mi situación;Ineficaces: Existen formalmente pero no sirven en la práctica. ;Limita moderadamente ;No ;No aplica;Raramente ;Nunca ;;;Barreras mínimas ;Sesgos muy leves ;No sé;Ninguna vinculación: No formo parte de ninguna estructura asociativa. ;Sí;No;No;Sí;Sí;No;No;Acceso muy limitado: Formación escasa o difícil de localizar.;1-2 proyectos;1-2 proyectos ;Muy insuficiente ;Nunca: He aceptado todas las ofertas recibidas.;No;Sí;No;No;Sí;No;Sí;No;Informes anuales de transparencia obligatorios;Moderada: Sí, pero con reservas por mi tiempo disponible.;Nula (Acepto condiciones impuestas);Nunca;Totalmente (Libertad absoluta);;;;;;En ninguna medida (Ningún impacto);Frecuentemente;Muy Pesimista (Lo veo imposible);;Lo consultaré en la web oficial sectorialcomic.com;;52584;91;;1389;;7783;;;;;;;;;;;;3748;;;;3444;;;;;;;3513;;;;;3332;;;;19;;;;1774;;;;;237;;;4434;;;;3209;;;;1311;;;5237;;;;4641;;;;;;;;;;;2556;;;;1033;;
323;25-02-2026 16:35;19;es;887640780;25-02-2026 15:41;25-02-2026 16:35;Sí, autorizo el uso anónimo. ;de 25 a 34;Mujer;;Enseñanza Universitaria de Segundo o Tercer Ciclo (Licenciatura, Máster Oficial, Doctorado, Especialidad médica);Nacionalidad española y residencia en España.;;Barcelona;;;Industria Editorial y Publicación (Trabajo para editoriales, prensa o medios).;;Traductora;;Traductora;;Autónoma con clientes habituales;6-10 años;Desfavorable;Ha empeorado significativamente;1-2 espacios;Frecuentemente (61-99%);Ocasionalmente;Precios cerrados sin tener en cuenta el volumen de trabajo y tarifas innegociables, firmas de contrato tras la entrega;Inviable: Mis ingresos dependo totalmente de otros trabajos o apoyos.;Menos de 5.000 €;0 - 20%;Parcialmente proporcional ;Ocasionalmente (1-3 veces al año) ;Influye bastante;Preocupación alta;Frecuentemente: (Es una situación habitual o recurrente).;Acceso muy limitado: Solo en casos extremos o sin remuneración. ;Inexistentes: No existen políticas de este tipo. ;Limita bastante ;Sí, raramente;Ligeramente: Mi carga es secundaria ;Raramente ;Nunca ;;;No percibo barreras ;Sesgos claros/evidentes;No sé;Vinculación moderada: Soy miembro, pero mi participación es nula o muy escasa. ;Sí;No;Sí;No;No;Sí;No;No he buscado formación ;6-10 proyectos;6-10 proyectos ;Muy insuficiente ;Ocasionalmente: He rechazado aproximadamente la mitad de las ofertas.;Sí;No;Sí;No;Sí;No;No;No;Informes anuales de transparencia obligatorios;Baja: Quizás, dependiendo del tipo de iniciativa.;Baja;A veces;Parcialmente;;;;;;Moderadamente;A veces;Incertidumbre / Neutro;;Lo consultaré en la web oficial sectorialcomic.com;;323079;845;;477;;6382;;;;;;;;;;;;26461;;;;8064;;;;;;;2372;;;;;2339;;;;2677;;;;1446;;;;;1563;;;5819;;;;2805;;;;1581;;;3343;;;;2031;;;;;;;;;;;252351;;;;2523;;
324;25-02-2026 16:14;19;es;2018938555;25-02-2026 16:05;25-02-2026 16:14;Sí, autorizo el uso anónimo. ;de 45 a 54;Mujer;;Enseñanza Universitaria de Primer Ciclo o Grado (Diplomatura, Grado Universitario, Ingeniería/Arquitectura Técnica);Nacionalidad española y residencia en España.;;Valencia;;;Creación y Producción Artística (Estudio propio, taller, autoedición).;;Dibujante / Ilustradora;;Dibujante / Ilustradora;;Autónoma con clientes habituales;11-15 años;Neutral / Equilibrada;Se ha mantenido igual;6-10 espacios;Raramente (menos del 30%);Ocasionalmente;contratos sin garantías;Inestable: Reparto mi tiempo entre el cómic y otras actividades para alcanzar el ingreso mínimo.;Entre 25.001 € y 40.000 €;41 - 60%;Parcialmente proporcional ;Ocasionalmente (1-3 veces al año) ;Influye bastante;Preocupación alta;Frecuentemente: (Es una situación habitual o recurrente).;Acceso muy limitado: Solo en casos extremos o sin remuneración. ;Insuficientes: Ofrecen un apoyo básico y se aplican, pero es muy limitado para las necesidades del sector ;Limita moderadamente ;No ;No aplica;Frecuentemente ;Raramente ;Comunicación informalmente (compañeros, redes sociales, entorno directo) ;No aplica/Prefiero no responder;Barreras moderadas ;Sesgos moderados ;Sí, pero participo poco ;Vinculación moderada: Soy miembro, pero mi participación es nula o muy escasa. ;Sí;No;Sí;Sí;No;No;No;Acceso muy limitado: Formación escasa o difícil de localizar.;6-10 proyectos;Más de 10 proyectos ;Parcialmente suficiente ;Rara vez: He rechazado menos de una cuarta parte de las ofertas.;Sí;Sí;No;No;No;No;Sí;No;Combinación de varios mecanismos;Alta: Sí, deseo participar de forma activa.;Media;A veces;Poco;;;;;;Moderadamente;A veces;Incertidumbre / Neutro;;Lo consultaré en la web oficial sectorialcomic.com;;54768;337;;55;;9195;;;;;;;;;;;;2937;;;;7126;;;;;;;3796;;;;;236;;;;1428;;;;2964;;;;;1862;;;4082;;;;313;;;;133;;;4612;;;;2608;;;;;;;;;;;2775;;;;643;;
326;25-02-2026 16:53;19;es;826389786;25-02-2026 16:43;25-02-2026 16:53;Sí, autorizo el uso anónimo. ;de 25 a 34;Mujer;;Enseñanza Universitaria de Primer Ciclo o Grado (Diplomatura, Grado Universitario, Ingeniería/Arquitectura Técnica);Nacionalidad española y residencia en España.;;Barcelona;;;Creación y Producción Artística (Estudio propio, taller, autoedición).;;Dibujante / Ilustradora;;Guionista;;Freelance / Por proyectos puntuales;Menos de 2 años;Desfavorable;Ha mejorado significativamente;1-2 espacios;Frecuentemente (61-99%);Ocasionalmente;Sueldos mínimos;Inviable: Mis ingresos dependo totalmente de otros trabajos o apoyos.;Menos de 5.000 €;0 - 20%;Nada proporcional ;Raramente (menos de una vez al año) ;Influye totalmente;Preocupación alta;Frecuentemente: (Es una situación habitual o recurrente).;Sin acceso: No dispongo de mecanismo de apoyo. ;Inexistentes: No existen políticas de este tipo. ;Limita moderadamente ;Sí, regularmente ;Compartida: El reparto es equitativo ;Ocasionalmente ;Nunca ;;;Barreras moderadas ;Sesgos moderados ;Sí, pero no participo en ella ;Vinculación muy baja: Conozco su existencia, pero no soy miembro ni participo. ;No;Sí;No;No;Sí;Sí;No;Acceso muy limitado: Formación escasa o difícil de localizar.;3-5 proyectos;1-2 proyectos ;Insuficiente ;Rara vez: He rechazado menos de una cuarta parte de las ofertas.;No;No;Sí;No;No;Sí;No;Sí;Informes anuales de transparencia obligatorios;Moderada: Sí, pero con reservas por mi tiempo disponible.;Baja;A veces;Parcialmente;;;;;;Moderadamente;Frecuentemente;Incertidumbre / Neutro;;No;;60824;624;;1007;;852;;;;;;;;;;;;2949;;;;7361;;;;;;;3801;;;;;3427;;;;3391;;;;165;;;;;2383;;;4434;;;;2226;;;;2073;;;8646;;;;3709;;;;;;;;;;;3436;;;;1187;;
327;25-02-2026 17:51;19;es;3989085;25-02-2026 16:51;25-02-2026 17:51;Sí, autorizo el uso anónimo. ;de 45 a 54;Mujer;;Formación Profesional de Grado Medio (Ciclos Formativos de Grado Medio, FP I, Oficialía Industrial);Nacionalidad española y residencia en España.;;La Coruña;;;Industria Editorial y Publicación (Trabajo para editoriales, prensa o medios).;;Rotulista;;Maquetista;;Autónoma con clientes habituales;6-10 años;Desfavorable;Ha mejorado ligeramente;1-2 espacios;Frecuentemente (61-99%);Frecuentemente;Remuneración baja por los trabajos, plazos de entrega muy ajustados, retraso en los pagos más allá del vencimiento acordado;Muy precaria: El cómic es una actividad secundaria, necesito otros trabajos constantes para subsistir.;Entre 5.001 € y el Salario Mínimo Interprofesional (aprox. 15.876 €);21 - 40%;Nada proporcional ;Ocasionalmente (1-3 veces al año) ;Influye totalmente;Preocupación alta;Frecuentemente: (Es una situación habitual o recurrente).;Acceso muy limitado: Solo en casos extremos o sin remuneración. ;Inexistentes: No existen políticas de este tipo. ;Limita bastante ;No ;No aplica;Frecuentemente ;Nunca ;;;Barreras significativas ;Sesgos muy acentuados y sistemáticos;Sí, pero no participo en ella ;Vinculación muy baja: Conozco su existencia, pero no soy miembro ni participo. ;No;No;Sí;No;Sí;No;Sí;Acceso funcional: Accedo a formación útil de forma habitual.;6-10 proyectos;6-10 proyectos ;Muy insuficiente ;Rara vez: He rechazado menos de una cuarta parte de las ofertas.;Sí;Sí;Sí;No;No;No;No;No;Combinación de varios mecanismos;Moderada: Sí, pero con reservas por mi tiempo disponible.;Baja;Raramente;Parcialmente;;;;;;Bastante;Constantemente (Es una idea diaria/muy recurrente);Muy Pesimista (Lo veo imposible);Sigue siendo preocupante la impunidad del sexismo en el sector por parte de todo tipo de personas al margen del género con el que se identifiquen.   ;Otro;mjarmero@gmail.com;360007;606;;1663;;9516;;;;;;;;;;;;2595;;;;13115;;;;;;;432;;;;;5889;;;;2555;;;;2377;;;;;2781;;;6407;;;;12436;;;;2216;;;8213;;;;5999;;;;;;;;;;;31947;;;;247372;;
329;25-02-2026 17:59;19;es;143790384;25-02-2026 17:13;25-02-2026 17:59;Sí, autorizo el uso anónimo. ;de 45 a 54;Mujer;;Formación Profesional de Grado Superior (Ciclos Formativos de Grado Superior, FP II, Maestría Industrial);Nacionalidad española y residencia en España.;;Málaga;;;Industria Editorial y Publicación (Trabajo para editoriales, prensa o medios).;;Diseñadora gráfica;;Rotulista;;Autónoma con clientes habituales;11-15 años;Desfavorable;Ha mejorado significativamente;Ninguno;Siempre (100% de mis trabajos);Ocasionalmente;Cierras un trabajo por un precio concreto. Durante la faena, la carga de trabajo aumenta, pero no el precio que se paga. Suelen ser: trabajo extra que surge cuando revisas el material que te han mandado, más correcciones de las que entra en el precio...;Plenamente estable: Vivo exclusivamente y de forma estable de mi actividad profesional en el cómic.;Entre 25.001 € y 40.000 €;81 - 100%;Parcialmente proporcional ;Ocasionalmente (1-3 veces al año) ;Influye bastante;Preocupación alta;Constantemente / Siempre: (Representa un estado crónico o diario);Acceso muy limitado: Solo en casos extremos o sin remuneración. ;Inexistentes: No existen políticas de este tipo. ;Limita moderadamente ;Sí, raramente;Ligeramente: Mi carga es secundaria ;Raramente ;Nunca ;;;Barreras significativas ;Sesgos moderados ;Sí, pero participo poco ;Vinculación muy baja: Conozco su existencia, pero no soy miembro ni participo. ;No;No;Sí;Sí;No;Sí;No;Acceso muy limitado: Formación escasa o difícil de localizar.;6-10 proyectos;Más de 10 proyectos ;Mayormente suficiente ;Rara vez: He rechazado menos de una cuarta parte de las ofertas.;Sí;No;Sí;No;Sí;No;No;No;Revisión participativa con profesionales;Moderada: Sí, pero con reservas por mi tiempo disponible.;;;;Media;Suficiente;Parcialmente respetada;Reedición y restauración de obras descatalogadas.;;Moderadamente;Nunca;Incertidumbre / Neutro;Creo que hay un GRAN TEMA que no aborda este cuestionario y que preocupa a todos y todas por igual (y afecta más a los más débiles de la cadena) que es la irrupción de la IA y todo lo que puede suponer en un futuro. Todavía estamos a tiempo de regularla y de que no meta las manos sin control en el mundo del cómic. Es una herramienta de ayuda, pero puede absorberlo todo si no se ponen límites.;Otro;rorena.fusta@gmail.com;278878;1999;;1417;;20112;;;;;;;;;;;;6416;;;;4686;;;;;;;10485;;;;;6132;;;;9034;;;;4054;;;;;5367;;;11418;;;;6383;;;;3882;;;12312;;;;;;;;13736;;;;;;;5483;;;;113788;;
331;25-02-2026 19:13;19;es;1900695835;25-02-2026 18:40;25-02-2026 19:13;Sí, autorizo el uso anónimo. ;75 y más;Mujer;;Enseñanza Universitaria de Segundo o Tercer Ciclo (Licenciatura, Máster Oficial, Doctorado, Especialidad médica);Nacionalidad española y residencia en España.;;Barcelona;;;Creación y Producción Artística (Estudio propio, taller, autoedición).;;Autora integral;;Divulgadora / Crítica;;Freelance / Por proyectos puntuales;Más de 15 años;Desfavorable;Ha mejorado significativamente;Más de 10 espacios;Ocasionalmente (31- 60%);Ocasionalmente;Incumplimientos de informacion y liquidación;Viable con apoyos: Vivo mayoritariamente del cómic, aunque realizo colaboraciones externas ocasionales.;Entre 5.001 € y el Salario Mínimo Interprofesional (aprox. 15.876 €);41 - 60%;Poco proporcional ;Ocasionalmente (1-3 veces al año) ;Influye moderadamente;Preocupación baja;Ocasionalmente: (Sucede a veces, pero no es la tónica general).;No sé / No aplica a mi situación;No sé/No aplica a mi situación;Limita moderadamente ;Sí, raramente;Compartida: El reparto es equitativo ;Ocasionalmente ;Ocasionalmente ;Intenté denunciar, pero no supe cómo hacerlo / no encontré canales ;;No percibo barreras ;Sesgos moderados ;Sí, pero participo poco ;Vinculación moderada: Soy miembro, pero mi participación es nula o muy escasa. ;No;Sí;Sí;No;No;Sí;No;Acceso funcional: Accedo a formación útil de forma habitual.;6-10 proyectos;6-10 proyectos ;Mayormente suficiente ;Rara vez: He rechazado menos de una cuarta parte de las ofertas.;No;No;Sí;No;No;No;Sí;Sí;Combinación de varios mecanismos;Moderada: Sí, pero con reservas por mi tiempo disponible.;Total (Impongo mis condiciones);Siempre (Blindaje total);Totalmente (Libertad absoluta);;;;;;Totalmente (Ha condicionado toda mi carrera);Nunca;Optimista;;Otro;marika.vila@gmail.com;259061;418;;1773;;94189;;;;;;;;;;;;10179;;;;32537;;;;;;;9356;;;;;10028;;;;6469;;;;10731;;;;;7795;;;19855;;;;12511;;;;5563;;;19858;;;;5659;;;;;;;;;;;6939;;;;5201;;
332;25-02-2026 19:36;19;es;285751681;25-02-2026 19:22;25-02-2026 19:36;Sí, autorizo el uso anónimo. ;de 45 a 54;Mujer;;Enseñanza Universitaria de Segundo o Tercer Ciclo (Licenciatura, Máster Oficial, Doctorado, Especialidad médica);Nacionalidad española y residencia en España.;;Sevilla;;;Industria Editorial y Publicación (Trabajo para editoriales, prensa o medios).;;Autora integral;;Autora integral;;Freelance / Por proyectos puntuales;6-10 años;Desfavorable;Ha mejorado ligeramente;3-5 espacios;Ocasionalmente (31- 60%);Ocasionalmente;Bajos salarios;Muy precaria: El cómic es una actividad secundaria, necesito otros trabajos constantes para subsistir.;Menos de 5.000 €;61 - 80%;Nada proporcional ;Ocasionalmente (1-3 veces al año) ;Influye bastante;Preocupación muy alta/ crítica;Frecuentemente: (Es una situación habitual o recurrente).;Sin acceso: No dispongo de mecanismo de apoyo. ;Inexistentes: No existen políticas de este tipo. ;Limita totalmente ;Sí, siempre ;Completamente: Recae exclusivamente en mí. ;Ocasionalmente ;Raramente ;No aplica/Prefiero no responder;;No percibo barreras ;Sesgos claros/evidentes;No sé;Ninguna vinculación: No formo parte de ninguna estructura asociativa. ;No;Sí;Sí;No;Sí;No;No;Acceso muy limitado: Formación escasa o difícil de localizar.;1-2 proyectos;1-2 proyectos ;Muy insuficiente ;Nunca: He aceptado todas las ofertas recibidas.;No;No;No;Sí;No;No;Sí;Sí;No sé;Alta: Sí, deseo participar de forma activa.;Media;Frecuentemente;Bastante;;;;;;Poco;Frecuentemente;Incertidumbre / Neutro;Me interesa que se aborde el tema de las cuotas de personas autónomas. ;Otro;hirenemalah@gmail.com;84081;944;;228;;13623;;;;;;;;;;;;3611;;;;12452;;;;;;;5055;;;;;3717;;;;2996;;;;3221;;;;;2434;;;6009;;;;4068;;;;2097;;;6732;;;;5559;;;;;;;;;;;4489;;;;4794;;
333;25-02-2026 19:57;19;es;675341634;25-02-2026 19:35;25-02-2026 19:57;Sí, autorizo el uso anónimo. ;de 25 a 34;Mujer;;Formación Profesional de Grado Superior (Ciclos Formativos de Grado Superior, FP II, Maestría Industrial);Nacionalidad española y residencia en España.;;Huesca;;;Comercio y Distribución (Librerías, tiendas especializadas, ferias).;;Dibujante / Ilustradora;;Ninguno;;Freelance / Por proyectos puntuales;2-5 años;Desfavorable;Ha mejorado ligeramente;3-5 espacios;Nunca;Nunca;;Muy precaria: El cómic es una actividad secundaria, necesito otros trabajos constantes para subsistir.;Menos de 5.000 €;21 - 40%;Nada proporcional ;Ocasionalmente (1-3 veces al año) ;Influye moderadamente;Preocupación alta;Raramente: (Situaciones muy aisladas o excepcionales).;No sé / No aplica a mi situación;No sé/No aplica a mi situación;Limita moderadamente ;Sí, frecuentemente;Compartida: El reparto es equitativo ;Raramente ;Nunca ;;;Barreras mínimas ;Sesgos muy leves ;No sé;Vinculación muy baja: Conozco su existencia, pero no soy miembro ni participo. ;No;Sí;No;Sí;No;Sí;No;Sin acceso: No encuentro formación sobre estos temas.;3-5 proyectos;3-5 proyectos ;Muy insuficiente ;Nunca: He aceptado todas las ofertas recibidas.;Sí;No;No;Sí;No;Sí;No;No;Combinación de varios mecanismos;Baja: Quizás, dependiendo del tipo de iniciativa.;Nula (Acepto condiciones impuestas);Raramente;Nada (Presión constante);;;;;;En ninguna medida (Ningún impacto);A veces;Incertidumbre / Neutro;;Otro;nereadiez.illustration@gmail.com;135194;3315;;2295;;14698;;;;;;;;;;;;7282;;;;16579;;;;;;;10224;;;;;8214;;;;6589;;;;5201;;;;;5627;;;10861;;;;4893;;;;2012;;;14736;;;;9373;;;;;;;;;;;6784;;;;6511;;
334;25-02-2026 20:45;19;es;1273706735;25-02-2026 20:18;25-02-2026 20:45;Sí, autorizo el uso anónimo. ;de 25 a 34;Mujer;;Enseñanza Universitaria de Primer Ciclo o Grado (Diplomatura, Grado Universitario, Ingeniería/Arquitectura Técnica);Nacionalidad española y residencia en España.;;Granada;;;Industria Editorial y Publicación (Trabajo para editoriales, prensa o medios).;;Dibujante / Ilustradora;;Colorista;;Freelance / Por proyectos puntuales;Menos de 2 años;Desfavorable;Ha mejorado ligeramente;6-10 espacios;Frecuentemente (61-99%);Frecuentemente;Salarios bajos.;Muy precaria: El cómic es una actividad secundaria, necesito otros trabajos constantes para subsistir.;Menos de 5.000 €;21 - 40%;Poco proporcional ;Nunca;Influye moderadamente;Preocupación alta;Frecuentemente: (Es una situación habitual o recurrente).;No sé / No aplica a mi situación;No sé/No aplica a mi situación;Limita moderadamente ;Sí, raramente;Ligeramente: Mi carga es secundaria ;Ocasionalmente ;Raramente ;No aplica/Prefiero no responder;;Barreras mínimas ;Sesgos moderados ;Sí, pero no participo en ella ;Vinculación moderada: Soy miembro, pero mi participación es nula o muy escasa. ;Sí;Sí;Sí;No;No;No;No;Acceso parcial: Encuentro información, pero es incompleta o poco clara.;3-5 proyectos;3-5 proyectos ;Muy insuficiente ;Rara vez: He rechazado menos de una cuarta parte de las ofertas.;Sí;Sí;Sí;No;No;No;No;No;Combinación de varios mecanismos;Moderada: Sí, pero con reservas por mi tiempo disponible.;Media;Frecuentemente;Totalmente (Libertad absoluta);;;;;;Poco;A veces;Incertidumbre / Neutro;;Lo consultaré en la web oficial sectorialcomic.com;;159431;333;;10128;;14264;;;;;;;;;;;;9886;;;;31783;;;;;;;11602;;;;;6661;;;;4009;;;;12997;;;;;7194;;;9415;;;;5612;;;;3076;;;18828;;;;7602;;;;;;;;;;;3983;;;;2058;;
342;26-02-2026 12:23;19;es;1969508094;26-02-2026 11:58;26-02-2026 12:23;Sí, autorizo el uso anónimo. ;de 25 a 34;Mujer;;Enseñanza Universitaria de Primer Ciclo o Grado (Diplomatura, Grado Universitario, Ingeniería/Arquitectura Técnica);Nacionalidad española y residencia en España.;;Barcelona;;;Creación y Producción Artística (Estudio propio, taller, autoedición).;;Dibujante / Ilustradora;;Dibujante / Ilustradora;;Freelance / Por proyectos puntuales;Menos de 2 años;Desfavorable;Se ha mantenido igual;Ninguno;Raramente (menos del 30%);Raramente;Trabajar mas de 12 horas porque necesitaban una cosa para el dia siguiente;Inviable: Mis ingresos dependo totalmente de otros trabajos o apoyos.;Menos de 5.000 €;0 - 20%;Nada proporcional ;Raramente (menos de una vez al año) ;Influye bastante;Preocupación moderada;Frecuentemente: (Es una situación habitual o recurrente).;Sin acceso: No dispongo de mecanismo de apoyo. ;No sé/No aplica a mi situación;Limita moderadamente ;No ;No aplica;Raramente ;Nunca ;;;Barreras insuperables;Sesgos moderados ;No sé;Ninguna vinculación: No formo parte de ninguna estructura asociativa. ;Sí;No;Sí;No;No;No;Sí;Acceso parcial: Encuentro información, pero es incompleta o poco clara.;3-5 proyectos;1-2 proyectos ;Parcialmente suficiente ;Ocasionalmente: He rechazado aproximadamente la mitad de las ofertas.;Sí;No;No;No;Sí;No;Sí;No;Combinación de varios mecanismos;Moderada: Sí, pero con reservas por mi tiempo disponible.;Baja;A veces;Parcialmente;;;;;;Poco;Frecuentemente;Muy Pesimista (Lo veo imposible);Muchas de las valoraciones las he hecho desde mi posicion de mujer disca en silla dee ruedas.;Otro;luna.lopezalcantara@gmail.com;150903;3078;;1868;;19773;;;;;;;;;;;;7391;;;;18736;;;;;;;6626;;;;;8148;;;;7701;;;;3903;;;;;5356;;;10957;;;;6928;;;;4173;;;17727;;;;10651;;;;;;;;;;;6882;;;;11005;;
343;26-02-2026 13:03;19;es;656764949;26-02-2026 12:38;26-02-2026 13:03;Sí, autorizo el uso anónimo. ;de 35 a 44;Mujer;;Formación Profesional de Grado Medio (Ciclos Formativos de Grado Medio, FP I, Oficialía Industrial);Nacionalidad española y residencia en España.;;Madrid;;;Creación y Producción Artística (Estudio propio, taller, autoedición).;;Dibujante / Ilustradora;;Dibujante / Ilustradora;;Autónoma con clientes habituales;6-10 años;Muy desfavorable;Ha empeorado significativamente;1-2 espacios;Frecuentemente (61-99%);Muy frecuentemente;contratos verbales sin garantías, sueldos miserables sin informe de ventas de mi obra;Muy precaria: El cómic es una actividad secundaria, necesito otros trabajos constantes para subsistir.;Entre 5.001 € y el Salario Mínimo Interprofesional (aprox. 15.876 €);21 - 40%;Nada proporcional ;Frecuentemente (más de 3 veces al año) ;Influye totalmente;Preocupación muy alta/ crítica;Frecuentemente: (Es una situación habitual o recurrente).;Sin acceso: No dispongo de mecanismo de apoyo. ;Inexistentes: No existen políticas de este tipo. ;Limita muy poco ;No ;No aplica;Constantemente / En múltiples ocasiones;Frecuentemente ;No denuncié por temor a represalias o medio a consecuencias;;Barreras significativas ;Sesgos claros/evidentes;Sí, pero no participo en ella ;Ninguna vinculación: No formo parte de ninguna estructura asociativa. ;Sí;No;Sí;No;No;Sí;No;Sin acceso: No encuentro formación sobre estos temas.;1-2 proyectos;1-2 proyectos ;Muy insuficiente ;Nunca: He aceptado todas las ofertas recibidas.;Sí;Sí;No;No;No;No;Sí;No;Revisión participativa con profesionales;Alta: Sí, deseo participar de forma activa.;Nula (Acepto condiciones impuestas);Raramente;Nada (Presión constante);;;;;;Totalmente (Ha condicionado toda mi carrera);Constantemente (Es una idea diaria/muy recurrente);Pesimista;El tema de la IA generativa me tiene muy preocupada, el sector es ya precario sin necesidad de que se utilice una herramienta para hundirlo aun más;Lo consultaré en la web oficial sectorialcomic.com;;153029;439;;1979;;31377;;;;;;;;;;;;2753;;;;48827;;;;;;;3888;;;;;23988;;;;2507;;;;2652;;;;;2289;;;5541;;;;2341;;;;1643;;;7793;;;;669;;;;;;;;;;;2271;;;;6051;;
345;26-02-2026 13:38;19;es;1984902470;26-02-2026 13:28;26-02-2026 13:38;Sí, autorizo el uso anónimo. ;de 35 a 44;Mujer;;Bachillerato (Bachillerato LOGSE/LOE, BUP, COU, PREU);Nacionalidad española y residencia en España.;;Granada;;;Creación y Producción Artística (Estudio propio, taller, autoedición).;;Autora integral;;Autora integral;;Autónoma con clientes habituales;Más de 15 años;Muy desfavorable;Se ha mantenido igual;Más de 10 espacios;Ocasionalmente (31- 60%);Ocasionalmente;Problemas con los royalties;Viable con apoyos: Vivo mayoritariamente del cómic, aunque realizo colaboraciones externas ocasionales.;Entre 25.001 € y 40.000 €;61 - 80%;Poco proporcional ;Ocasionalmente (1-3 veces al año) ;Influye moderadamente;Preocupación moderada;Ocasionalmente: (Sucede a veces, pero no es la tónica general).;Acceso muy limitado: Solo en casos extremos o sin remuneración. ;Ineficaces: Existen formalmente pero no sirven en la práctica. ;Limita moderadamente ;No ;No aplica;Constantemente / En múltiples ocasiones;Frecuentemente ;Comunicación informalmente (compañeros, redes sociales, entorno directo) ;No aplica/Prefiero no responder;Barreras significativas ;Sesgos muy acentuados y sistemáticos;Sí, participo activamente ;Vinculación muy baja: Conozco su existencia, pero no soy miembro ni participo. ;No;Sí;No;Sí;No;Sí;No;Acceso muy limitado: Formación escasa o difícil de localizar.;6-10 proyectos;6-10 proyectos ;Parcialmente suficiente ;Rara vez: He rechazado menos de una cuarta parte de las ofertas.;No;Sí;Sí;No;No;No;Sí;No;Combinación de varios mecanismos;Alta: Sí, deseo participar de forma activa.;Alta;A veces;Bastante;;;;;;Totalmente (Ha condicionado toda mi carrera);Raramente;Optimista;La discriminación por razones de identidad de género son altas en el sector;Lo consultaré en la web oficial sectorialcomic.com;;64414;285;;432;;6581;;;;;;;;;;;;5016;;;;9861;;;;;;;3008;;;;;3646;;;;201;;;;389;;;;;2229;;;4814;;;;264;;;;2283;;;6145;;;;2815;;;;;;;;;;;3293;;;;5466;;
